name,createdAt,updatedAt,stars,language,releases,pullRequests,issues,closedIssues
freeCodeCamp,2014-12-24T17:49:19Z,2024-08-21T18:59:34Z,399396,TypeScript,0,22848,18190,18007
free-programming-books,2013-10-11T06:50:37Z,2024-08-21T18:41:18Z,331839,Unknown,0,6481,1091,1064
awesome,2014-07-11T13:42:37Z,2024-08-21T18:58:13Z,320264,Unknown,0,651,340,327
public-apis,2016-03-20T23:49:42Z,2024-08-21T18:52:04Z,310386,Python,0,1872,600,588
coding-interview-university,2016-06-06T02:34:12Z,2024-08-21T18:12:35Z,302732,Unknown,0,411,438,394
build-your-own-x,2018-05-09T12:03:18Z,2024-08-21T18:47:54Z,295959,Unknown,0,139,663,481
developer-roadmap,2017-03-15T13:45:52Z,2024-08-21T19:00:58Z,288207,TypeScript,1,2589,2165,2128
996.ICU,2019-03-26T07:31:14Z,2024-08-21T15:22:45Z,269629,Unknown,0,1066,0,0
system-design-primer,2017-02-26T16:15:28Z,2024-08-21T18:44:46Z,267512,Python,0,198,295,84
react,2013-05-24T16:15:54Z,2024-08-21T19:00:32Z,226508,JavaScript,101,10673,13095,12425
awesome-python,2014-06-27T21:00:06Z,2024-08-21T18:47:13Z,216315,Python,0,543,0,0
vue,2013-07-29T03:24:51Z,2024-08-21T18:35:33Z,207586,TypeScript,249,1135,10015,9660
project-based-learning,2017-04-12T05:07:46Z,2024-08-21T18:59:48Z,192987,Unknown,0,182,160,69
awesome-selfhosted,2015-06-01T02:33:17Z,2024-08-21T19:00:03Z,191600,Unknown,1,2392,804,804
javascript-algorithms,2018-03-24T07:47:04Z,2024-08-21T18:13:50Z,186339,JavaScript,0,299,351,223
tensorflow,2015-11-07T01:19:20Z,2024-08-21T19:00:15Z,184822,C++,208,22335,39646,37868
Python,2016-07-16T09:44:01Z,2024-08-21T18:40:48Z,183436,Python,0,2796,1457,1430
You-Dont-Know-JS,2013-11-16T02:37:24Z,2024-08-21T16:51:13Z,178654,Unknown,0,367,925,846
linux,2011-09-04T22:48:12Z,2024-08-21T18:45:47Z,176664,C,0,10,0,0
CS-Notes,2018-02-13T14:56:24Z,2024-08-21T16:38:03Z,174346,Unknown,0,374,578,446
ohmyzsh,2009-08-28T18:15:37Z,2024-08-21T17:53:29Z,171852,Shell,0,3188,4795,4677
bootstrap,2011-07-29T21:19:00Z,2024-08-21T18:34:11Z,169819,JavaScript,89,8779,22464,22015
computer-science,2014-05-04T00:18:39Z,2024-08-21T18:59:25Z,167555,Unknown,0,267,635,619
AutoGPT,2023-03-16T09:21:07Z,2024-08-21T18:26:57Z,165934,Python,21,1854,2542,2391
flutter,2015-03-06T22:54:58Z,2024-08-21T18:49:07Z,164169,Dart,7,38601,97627,85119
vscode,2015-09-03T20:23:38Z,2024-08-21T18:58:38Z,161724,TypeScript,139,26761,181507,172453
gitignore,2010-11-08T20:17:14Z,2024-08-21T18:50:44Z,160559,Unknown,0,1546,0,0
Python-100-Days,2018-03-01T16:05:52Z,2024-08-21T18:33:51Z,154028,Python,0,13,639,110
the-art-of-command-line,2015-05-20T15:11:03Z,2024-08-21T18:03:38Z,151822,Unknown,0,317,251,132
JavaGuide,2018-05-07T13:27:00Z,2024-08-21T16:31:56Z,145514,Java,0,1044,1032,970
javascript,2012-11-01T23:13:50Z,2024-08-21T17:24:36Z,144347,JavaScript,0,804,1323,1231
the-book-of-secret-knowledge,2018-06-23T10:43:14Z,2024-08-21T18:43:03Z,141237,Unknown,0,122,0,0
stable-diffusion-webui,2022-08-22T14:05:26Z,2024-08-21T18:29:49Z,138284,Python,26,1829,7605,5387
youtube-dl,2010-10-31T14:35:07Z,2024-08-21T19:01:15Z,130885,Python,341,1636,26590,22882
transformers,2018-10-29T13:56:00Z,2024-08-21T18:58:39Z,130831,Python,163,13152,15516,14532
awesome-go,2014-07-06T13:42:15Z,2024-08-21T18:47:08Z,127367,Go,0,3228,646,644
fucking-algorithm,2020-02-19T09:01:23Z,2024-08-21T16:07:15Z,124711,Markdown,1,233,829,456
next.js,2016-10-05T23:32:51Z,2024-08-21T19:01:10Z,124192,JavaScript,1000,17940,21002,18129
go,2014-08-19T04:33:40Z,2024-08-21T18:35:36Z,122117,Go,0,1,62985,53892
30-seconds-of-code,2017-11-29T17:35:03Z,2024-08-21T18:57:22Z,120809,JavaScript,10,817,294,294
react-native,2015-01-09T18:10:16Z,2024-08-21T18:27:27Z,117673,C++,336,848,25959,25375
tech-interview-handbook,2016-07-05T05:00:48Z,2024-08-21T18:17:46Z,115516,TypeScript,0,459,93,62
electron,2013-04-12T01:47:36Z,2024-08-21T17:09:39Z,113464,C++,1000,20037,19962,19109
free-programming-books-zh_CN,2013-11-04T01:59:19Z,2024-08-21T15:39:47Z,110886,Unknown,3,282,0,0
kubernetes,2014-06-06T22:56:04Z,2024-08-21T18:37:32Z,109310,Go,690,59158,45644,43786
d3,2010-09-27T17:22:42Z,2024-08-21T18:18:06Z,108312,Shell,194,485,2198,2192
awesome-chatgpt-prompts,2022-12-05T13:54:13Z,2024-08-21T18:18:21Z,108278,HTML,0,117,0,0
PowerToys,2019-05-01T17:44:02Z,2024-08-21T18:52:40Z,108208,C#,101,4766,28807,22914
scrcpy,2017-11-21T18:00:27Z,2024-08-21T18:12:48Z,107714,C,39,85,4672,2751
node,2014-11-26T19:57:11Z,2024-08-21T18:22:15Z,106121,JavaScript,403,8597,18017,16435
axios,2014-08-18T22:30:27Z,2024-08-21T18:08:18Z,105051,JavaScript,81,860,4655,4026
create-react-app,2016-07-17T14:55:11Z,2024-08-21T18:19:14Z,102413,JavaScript,83,1944,8300,6545
three.js,2010-03-23T18:58:01Z,2024-08-21T18:08:51Z,101236,JavaScript,159,12834,12473,12081
TypeScript,2014-06-17T15:28:39Z,2024-08-21T18:51:48Z,99746,TypeScript,198,14300,40664,35454
nodebestpractices,2017-09-15T08:33:19Z,2024-08-21T18:44:38Z,98896,Dockerfile,0,765,321,283
GitHub-Chinese-Top-Charts,2019-09-05T03:01:56Z,2024-08-21T18:58:15Z,97500,Java,0,0,335,157
rust,2010-06-16T20:39:03Z,2024-08-21T18:13:49Z,96157,Rust,128,57144,53987,44448
angular,2014-09-18T16:12:01Z,2024-08-21T18:53:16Z,95552,TypeScript,352,3606,27882,26486
terminal,2017-08-11T18:38:22Z,2024-08-21T18:13:51Z,94693,C++,117,3851,12587,11092
deno,2018-05-15T01:34:26Z,2024-08-21T19:00:29Z,93729,Rust,288,11140,10531,8646
hello-algo,2022-11-04T11:08:34Z,2024-08-21T18:39:12Z,93481,Java,8,838,205,196
material-ui,2014-08-18T19:11:54Z,2024-08-21T17:54:21Z,93007,TypeScript,487,18793,19207,17517
Microsoft-Activation-Scripts,2020-01-12T23:03:34Z,2024-08-21T19:00:55Z,91643,Batchfile,15,5,379,375
ant-design,2015-04-24T15:37:24Z,2024-08-21T18:08:33Z,91624,TypeScript,664,14132,29946,28814
clean-code-javascript,2016-11-25T22:25:41Z,2024-08-21T18:06:50Z,91053,JavaScript,0,149,181,84
langchain,2022-10-17T02:58:36Z,2024-08-21T18:44:45Z,91005,Jupyter Notebook,536,11260,7424,6802
HelloGitHub,2016-05-04T06:24:11Z,2024-08-21T18:58:14Z,89463,Python,45,17,2666,2529
java-design-patterns,2014-08-09T16:45:18Z,2024-08-21T18:21:06Z,89051,Java,0,1385,937,801
godot,2014-01-04T16:05:36Z,2024-08-21T18:47:28Z,88118,C++,57,33592,51769,41286
puppeteer,2017-05-09T22:16:13Z,2024-08-21T17:33:44Z,88005,TypeScript,428,4790,6854,6594
vue-element-admin,2017-04-17T03:35:49Z,2024-08-21T10:48:17Z,87384,Vue,49,311,3582,2349
free-for-dev,2015-03-18T21:06:26Z,2024-08-21T18:09:07Z,86610,HTML,0,2534,0,0
papers-we-love,2013-12-15T14:31:41Z,2024-08-21T18:02:09Z,86224,Shell,0,429,236,217
ollama,2023-06-26T19:39:32Z,2024-08-21T18:51:23Z,86042,Go,87,1498,4071,3037
thefuck,2015-04-08T15:08:04Z,2024-08-21T13:43:56Z,84224,Python,17,482,725,470
storybook,2016-03-18T04:23:44Z,2024-08-21T18:09:23Z,83801,TypeScript,1000,10169,12684,10836
iptv,2018-11-14T22:00:57Z,2024-08-21T18:59:01Z,83686,JavaScript,0,6311,8232,8204
frp,2015-12-21T15:24:59Z,2024-08-21T18:29:34Z,83660,Go,99,626,3477,3425
Web-Dev-For-Beginners,2020-11-10T02:44:00Z,2024-08-21T15:15:43Z,82694,JavaScript,0,478,288,235
Awesome-Hacking,2016-03-30T15:47:10Z,2024-08-21T18:53:18Z,81707,Unknown,0,31,0,0
pytorch,2016-08-13T05:26:41Z,2024-08-21T19:00:52Z,81504,Python,54,5829,44315,30627
every-programmer-should-know,2017-08-24T13:18:26Z,2024-08-21T17:48:38Z,81342,Unknown,0,99,51,21
tailwindcss,2017-10-06T14:59:14Z,2024-08-21T16:19:04Z,81338,TypeScript,228,2171,3345,3311
tauri,2019-07-13T09:09:37Z,2024-08-21T17:56:31Z,81062,Rust,1000,4267,4342,3443
neovim,2014-01-31T13:39:22Z,2024-08-21T18:49:22Z,81013,Vim Script,38,13403,11568,10115
yt-dlp,2020-10-26T04:22:55Z,2024-08-21T19:01:19Z,80486,Python,91,2208,7584,6198
animate.css,2011-10-12T10:07:38Z,2024-08-21T17:12:30Z,80450,CSS,22,315,864,841
realworld,2016-02-26T20:49:53Z,2024-08-21T18:27:58Z,80154,TypeScript,0,429,531,493
excalidraw,2020-01-02T01:04:43Z,2024-08-21T16:09:36Z,79586,TypeScript,13,3414,3448,1985
django,2012-04-28T02:47:18Z,2024-08-21T18:32:36Z,78562,Python,0,9112,0,0
nvm,2010-04-15T17:47:47Z,2024-08-21T18:26:23Z,78367,Shell,67,708,2181,1889
app-ideas,2019-02-25T18:36:56Z,2024-08-21T18:49:52Z,78195,Unknown,0,149,145,43
svelte,2016-11-20T18:13:05Z,2024-08-21T18:53:17Z,77987,JavaScript,254,4604,6885,6088
bitcoin,2010-12-19T15:16:43Z,2024-08-21T18:59:38Z,77968,C++,51,14347,8099,7740
laravel,2011-06-08T03:06:08Z,2024-08-21T16:10:06Z,77842,PHP,170,1578,0,0
opencv,2012-07-19T09:40:17Z,2024-08-21T17:46:30Z,77558,C++,63,12286,10687,8220
gin,2014-06-16T23:57:25Z,2024-08-21T17:44:29Z,77538,Go,26,1025,2220,1621
mall,2018-04-04T01:11:44Z,2024-08-21T18:58:14Z,77016,Java,3,1,492,470
models,2016-02-05T01:15:20Z,2024-08-21T16:17:07Z,76909,Python,46,2327,7272,6205
FiraCode,2014-11-11T19:32:38Z,2024-08-21T18:37:33Z,76493,Clojure,29,132,1324,934
advanced-java,2018-10-06T11:38:30Z,2024-08-21T15:37:19Z,75480,Java,1,86,146,141
LeetCodeAnimation,2018-12-06T08:01:22Z,2024-08-21T14:45:50Z,75246,Java,0,63,59,42
fastapi,2018-12-08T08:21:47Z,2024-08-21T18:37:38Z,74825,Python,184,2068,3423,3384
hugo,2013-07-04T15:26:26Z,2024-08-21T18:06:46Z,74363,Go,284,2542,7304,6863
spring-boot,2012-10-19T15:02:57Z,2024-08-21T18:21:00Z,74179,Java,280,42,35137,34613
ChatGPT-Next-Web,2023-03-10T18:27:54Z,2024-08-21T18:25:37Z,74176,TypeScript,66,703,2935,2560
awesome-mac,2016-07-17T15:33:47Z,2024-08-21T18:14:20Z,74128,JavaScript,9,868,422,309
Font-Awesome,2012-02-17T14:19:43Z,2024-08-21T18:21:46Z,73447,JavaScript,56,205,19413,15382
bun,2021-04-14T00:48:17Z,2024-08-21T18:48:25Z,72701,Zig,155,3598,8331,4892
json-server,2013-11-27T13:21:13Z,2024-08-21T17:09:16Z,72361,JavaScript,37,120,1144,538
awesome-vue,2015-10-20T00:16:14Z,2024-08-21T18:41:27Z,71762,Unknown,0,3516,222,188
rustdesk,2020-09-28T15:36:08Z,2024-08-21T17:16:59Z,70897,Rust,20,2991,2965,2921
supabase,2019-10-12T05:56:49Z,2024-08-21T18:25:02Z,70688,TypeScript,15,9469,3679,3452
core,2013-09-17T07:29:48Z,2024-08-21T18:44:39Z,70523,Python,1000,62168,51322,49116
netdata,2013-06-17T18:39:10Z,2024-08-21T19:02:13Z,70149,C,89,8937,7895,7727
mermaid,2014-11-01T23:52:32Z,2024-08-21T18:51:11Z,70113,JavaScript,121,2103,2889,1952
awesome-interview-questions,2015-11-28T09:48:17Z,2024-08-21T18:36:37Z,69881,Unknown,0,176,62,35
elasticsearch,2010-02-08T13:20:56Z,2024-08-21T18:21:51Z,69001,Java,153,65819,35918,32125
ML-For-Beginners,2021-03-03T01:34:05Z,2024-08-21T18:20:45Z,68780,HTML,0,365,131,129
gpt4all,2023-03-27T18:49:32Z,2024-08-21T18:11:24Z,68642,C++,23,729,1815,1286
moby,2013-01-18T18:10:57Z,2024-08-21T15:36:16Z,68352,Go,188,19957,22617,19557
Front-End-Checklist,2017-10-16T10:12:36Z,2024-08-21T15:19:54Z,68283,Unknown,1,176,147,146
node,2023-02-01T13:55:02Z,2024-08-21T15:15:17Z,67995,Shell,34,113,162,146
github-readme-stats,2020-07-09T10:34:22Z,2024-08-21T18:39:28Z,67596,JavaScript,0,1135,1212,1085
reveal.js,2011-06-07T18:54:22Z,2024-08-21T17:31:06Z,67452,JavaScript,47,402,2388,1661
flask,2010-04-06T11:11:59Z,2024-08-21T16:43:14Z,67343,Python,34,1570,2642,2636
code-server,2019-02-27T16:50:41Z,2024-08-21T17:33:47Z,67214,TypeScript,161,1471,3493,3392
stable-diffusion,2022-08-10T14:36:44Z,2024-08-21T18:28:32Z,67181,Jupyter Notebook,0,5,707,189
swift,2015-10-23T21:15:07Z,2024-08-21T18:14:16Z,67174,C++,53,49881,15387,8762
funNLP,2018-08-21T11:20:39Z,2024-08-21T16:43:34Z,67147,Python,0,14,98,47
awesome-for-beginners,2015-10-24T19:53:36Z,2024-08-21T18:59:57Z,67007,Unknown,0,335,160,124
ui,2023-01-04T12:43:27Z,2024-08-21T18:57:03Z,66808,TypeScript,16,345,2108,1813
vite,2020-04-21T05:03:57Z,2024-08-21T18:35:45Z,66771,TypeScript,461,4490,7261,6790
nest,2017-02-04T20:12:52Z,2024-08-21T18:48:20Z,66381,TypeScript,97,6346,5346,5289
whisper,2022-09-16T20:02:54Z,2024-08-21T19:00:37Z,66302,Python,10,95,0,0
cs-video-courses,2016-10-21T17:02:11Z,2024-08-21T17:10:51Z,66299,Unknown,0,150,138,135
HowToCook,2020-02-29T10:43:49Z,2024-08-21T15:31:57Z,66048,Dockerfile,3,503,661,294
redis,2009-03-21T22:32:25Z,2024-08-21T17:26:13Z,66033,C,69,3807,6510,4491
v2rayN,2019-07-30T03:47:24Z,2024-08-21T18:58:13Z,66020,C#,185,139,4584,4563
devops-exercises,2019-10-03T17:31:21Z,2024-08-21T18:54:42Z,65520,Python,0,274,87,58
protobuf,2014-08-26T15:52:15Z,2024-08-21T18:13:56Z,64978,C++,163,5737,6237,5986
playwright,2019-11-15T18:32:42Z,2024-08-21T19:02:17Z,64892,TypeScript,131,12930,14006,13399
awesome-machine-learning,2014-07-15T19:11:19Z,2024-08-21T18:57:28Z,64848,Python,0,836,88,87
express,2009-06-26T18:56:01Z,2024-08-21T18:12:02Z,64625,JavaScript,153,320,3847,3729
webpack,2012-03-10T10:08:14Z,2024-08-21T17:21:34Z,64436,JavaScript,414,4711,9878,9731
Chart.js,2013-03-17T23:56:36Z,2024-08-21T18:30:10Z,64218,JavaScript,110,2956,7138,6747
awesome-react,2014-08-06T05:31:44Z,2024-08-21T17:41:26Z,64019,Unknown,0,777,106,103
llama.cpp,2023-03-10T18:58:00Z,2024-08-21T18:17:25Z,63829,C++,1000,3093,3614,3298
grafana,2013-12-11T15:59:56Z,2024-08-21T19:01:24Z,63379,TypeScript,442,45386,36888,32975
gpt_academic,2023-03-20T09:05:13Z,2024-08-21T15:19:20Z,63351,Python,30,192,1555,1243
hoppscotch,2019-08-21T13:15:24Z,2024-08-21T18:44:35Z,63337,TypeScript,46,1498,1555,1186
fzf,2013-10-23T16:04:23Z,2024-08-21T18:34:20Z,63263,Go,49,503,2745,2498
syncthing,2013-11-26T09:48:21Z,2024-08-21T18:40:07Z,63200,Go,378,2524,5457,5104
interviews,2017-02-14T18:19:25Z,2024-08-21T18:06:50Z,63098,Java,0,42,53,23
33-js-concepts,2018-09-04T13:27:04Z,2024-08-21T17:07:34Z,62918,JavaScript,0,238,85,78
sway,2021-01-19T20:54:33Z,2024-08-21T18:20:01Z,62840,Rust,145,3022,2976,2196
strapi,2015-09-30T15:34:48Z,2024-08-21T18:26:13Z,62400,TypeScript,385,8221,9489,8799
ansible,2012-03-06T14:58:02Z,2024-08-21T17:54:06Z,62137,Python,99,38244,32426,31894
the-algorithm,2023-03-27T14:57:57Z,2024-08-21T17:39:30Z,61944,Scala,0,2,1346,732
system-design-101,2023-09-18T20:52:03Z,2024-08-21T17:59:16Z,61928,Unknown,0,21,46,15
javascript-questions,2019-06-12T08:26:27Z,2024-08-21T16:58:23Z,61886,Unknown,0,328,240,231
cpython,2017-02-10T19:23:51Z,2024-08-21T18:43:52Z,61853,Python,0,44358,68845,61685
resume.github.com,2011-02-06T13:39:55Z,2024-08-21T13:33:58Z,61782,JavaScript,0,84,119,64
keras,2015-03-28T00:35:42Z,2024-08-21T18:01:06Z,61478,Python,70,3577,12060,11841
manim,2015-03-22T18:50:58Z,2024-08-21T18:57:42Z,61465,Python,10,574,1133,723
superset,2015-07-21T18:55:34Z,2024-08-21T18:12:37Z,61291,TypeScript,204,13011,10554,9938
Ventoy,2020-03-10T15:19:19Z,2024-08-21T16:07:38Z,61221,C,97,279,2227,1544
generative-ai-for-beginners,2023-06-19T16:28:59Z,2024-08-21T18:47:05Z,60807,Jupyter Notebook,0,249,107,97
socket.io,2010-03-11T18:24:48Z,2024-08-21T17:52:25Z,60772,TypeScript,63,429,3532,3352
redux,2015-05-29T23:53:15Z,2024-08-21T18:06:14Z,60739,TypeScript,78,1685,2048,2012
d2l-zh,2017-08-23T04:40:24Z,2024-08-21T17:09:10Z,60621,Python,16,1020,0,0
Best-websites-a-programmer-should-visit,2017-03-05T20:25:17Z,2024-08-21T17:57:16Z,60540,Unknown,0,413,152,96
tesseract,2014-08-12T18:04:59Z,2024-08-21T18:06:11Z,60444,C++,32,1376,2632,2232
nocode,2018-02-06T23:54:00Z,2024-08-21T15:20:10Z,60267,Dockerfile,1,1,4665,668
atom,2012-01-20T18:18:21Z,2024-08-21T17:02:03Z,60105,JavaScript,538,3937,17112,16149
echarts,2013-04-03T03:18:59Z,2024-08-21T16:18:26Z,59968,TypeScript,116,1309,18347,16245
awesome-public-datasets,2014-11-20T06:20:50Z,2024-08-21T18:31:23Z,59775,Unknown,1,188,113,47
gpt4free,2023-03-29T17:00:43Z,2024-08-21T18:07:02Z,59722,Python,144,554,1298,1284
markdown-here,2012-05-13T03:27:22Z,2024-08-21T17:04:19Z,59607,JavaScript,11,20,617,311
architect-awesome,2018-04-06T13:30:58Z,2024-08-21T13:00:48Z,59604,Unknown,0,49,71,22
lodash,2012-04-07T04:11:46Z,2024-08-21T14:46:17Z,59509,JavaScript,2,580,4264,4202
Front-end-Developer-Interview-Questions,2012-02-09T23:34:10Z,2024-08-21T18:04:50Z,59422,Nunjucks,0,484,176,142
PayloadsAllTheThings,2016-10-18T07:29:07Z,2024-08-21T18:06:49Z,59297,Python,3,518,0,0
scikit-learn,2010-08-17T09:43:38Z,2024-08-21T17:26:21Z,59220,Python,42,12309,11087,9511
jquery,2009-04-03T15:20:14Z,2024-08-21T18:32:07Z,59098,JavaScript,10,745,2323,2249
imgui,2014-07-21T14:29:47Z,2024-08-21T17:57:01Z,58943,C++,100,360,5856,4943
angular.js,2010-01-06T00:34:37Z,2024-08-21T18:34:55Z,58873,JavaScript,0,790,9037,8646
obs-studio,2013-10-01T02:40:31Z,2024-08-21T18:49:03Z,58343,C,208,4775,3979,3458
fuel-core,2020-08-27T21:12:14Z,2024-08-21T14:00:17Z,58220,Rust,94,1061,797,636
shadowsocks-windows,2013-01-14T07:54:16Z,2024-08-21T15:48:47Z,58219,C#,55,278,2907,2739
openai-cookbook,2022-03-11T02:08:53Z,2024-08-21T18:32:49Z,58195,MDX,0,568,438,411
awesome-cpp,2014-07-17T08:51:11Z,2024-08-21T18:37:56Z,58139,Unknown,0,707,574,231
Java,2016-07-16T10:21:02Z,2024-08-21T17:39:33Z,58070,Java,0,1383,994,991
design-resources-for-developers,2020-05-06T14:40:35Z,2024-08-21T17:39:29Z,57890,Unknown,0,907,93,93
tabby,2016-12-23T09:06:10Z,2024-08-21T17:31:58Z,57848,TypeScript,187,1454,5074,3142
awesome-scalability,2017-12-27T03:46:40Z,2024-08-21T18:36:00Z,57724,Unknown,0,33,0,0
awesome-nodejs,2014-07-11T13:35:34Z,2024-08-21T17:55:10Z,57553,Unknown,0,410,102,100
Apollo-11,2014-04-03T15:45:02Z,2024-08-21T13:02:50Z,57370,Assembly,0,327,381,320
SecLists,2012-02-19T01:30:18Z,2024-08-21T17:39:20Z,56420,PHP,25,605,261,242
caddy,2015-01-13T19:45:03Z,2024-08-21T18:44:22Z,56392,Go,119,1934,3949,3845
html5-boilerplate,2010-01-24T18:03:24Z,2024-08-21T17:42:10Z,56347,JavaScript,34,764,1345,1339
awesome-courses,2014-11-15T18:36:49Z,2024-08-21T19:02:09Z,56115,Unknown,0,194,77,39
spring-framework,2010-12-08T04:04:45Z,2024-08-21T17:55:02Z,55994,Java,310,839,25721,25470
screenshot-to-code,2023-11-14T17:53:32Z,2024-08-21T16:49:05Z,55679,Python,0,42,285,237
rails,2008-04-11T02:19:47Z,2024-08-21T18:36:52Z,55496,Ruby,124,23700,17482,16960
alacritty,2016-02-18T05:02:30Z,2024-08-21T18:13:30Z,55274,Rust,93,1789,5742,5420
gatsby,2015-05-21T22:43:05Z,2024-08-21T18:26:21Z,55188,JavaScript,134,18095,14056,13873
llama,2023-02-14T09:29:12Z,2024-08-21T18:55:22Z,55173,Python,0,54,951,623
docusaurus,2017-06-20T16:13:53Z,2024-08-21T17:45:36Z,54966,TypeScript,144,5153,3069,2804
cs-self-learning,2021-10-20T13:43:42Z,2024-08-21T16:40:56Z,54853,HTML,4,245,178,88
uptime-kuma,2021-07-03T01:02:42Z,2024-08-21T18:52:09Z,54696,JavaScript,104,1115,3471,2870
prometheus,2012-11-24T11:14:12Z,2024-08-21T19:01:18Z,54398,Go,309,6351,5687,5018
leetcode,2018-03-30T09:13:51Z,2024-08-21T09:24:12Z,54318,JavaScript,40,257,254,247
element,2016-09-03T06:19:26Z,2024-08-21T13:40:37Z,54078,Vue,145,3231,17738,15233
DeepLearning-500-questions,2018-06-27T06:36:45Z,2024-08-21T18:27:56Z,54071,JavaScript,0,302,188,81
new-pac,2016-03-23T08:43:36Z,2024-08-21T17:59:32Z,53894,Unknown,0,0,1607,1219
nuxt,2016-10-26T11:18:47Z,2024-08-21T18:26:19Z,53760,TypeScript,223,5222,15061,14282
sherlock,2018-12-24T14:30:48Z,2024-08-21T17:52:49Z,53502,Python,1,606,959,874
localstack,2016-10-25T23:48:03Z,2024-08-21T18:46:21Z,53439,Python,77,5186,5541,5241
act,2019-01-02T19:53:43Z,2024-08-21T17:19:31Z,53376,Go,73,938,1119,938
nerd-fonts,2014-12-05T04:31:17Z,2024-08-21T18:58:39Z,53372,CSS,36,485,975,953
private-gpt,2023-05-02T09:15:31Z,2024-08-21T18:08:39Z,53347,Python,10,218,1151,945
annotated_deep_learning_paper_implementations,2020-08-25T02:29:34Z,2024-08-21T17:59:20Z,53078,Python,0,100,131,104
awesome-flutter,2017-05-07T11:45:27Z,2024-08-21T18:23:45Z,52692,Dart,0,441,0,0
react-router,2014-05-16T22:22:51Z,2024-08-21T15:28:11Z,52672,TypeScript,277,2310,7443,7364
face_recognition,2017-03-03T21:52:39Z,2024-08-21T18:28:25Z,52663,Python,2,94,1336,587
normalize.css,2011-05-04T10:20:25Z,2024-08-21T17:30:11Z,52266,CSS,0,56,507,461
rustlings,2015-09-15T02:25:18Z,2024-08-21T18:07:22Z,52159,Rust,43,889,644,625
scrapy,2010-02-22T02:01:14Z,2024-08-21T18:30:02Z,52122,Python,38,2166,3008,2558
ChatGPT,2022-12-07T09:43:02Z,2024-08-21T17:22:59Z,52004,Rust,34,122,1033,339
awesome-chatgpt-prompts-zh,2022-12-12T01:55:03Z,2024-08-21T16:31:55Z,51909,Unknown,0,33,143,105
Real-Time-Voice-Cloning,2019-05-26T08:56:15Z,2024-08-21T18:00:21Z,51901,Python,0,48,1077,887
requests,2011-02-13T18:38:17Z,2024-08-21T16:19:24Z,51898,Python,12,1553,3959,3783
gpt-engineer,2023-04-29T12:52:15Z,2024-08-21T16:32:39Z,51683,Python,20,342,472,465
open-interpreter,2023-07-14T07:10:44Z,2024-08-21T17:39:11Z,51604,Python,40,330,910,737
git,2008-07-23T14:21:26Z,2024-08-21T17:35:58Z,51529,C,0,3,0,0
AppFlowy,2021-06-16T12:56:48Z,2024-08-21T17:06:16Z,51356,Dart,81,2814,2678,1835
Semantic-UI,2013-04-08T23:32:04Z,2024-08-21T16:23:06Z,51091,JavaScript,154,356,6225,5262
ionic-framework,2013-08-20T23:06:02Z,2024-08-21T18:06:46Z,50819,TypeScript,878,5854,21723,21314
material-design-icons,2014-10-08T18:01:28Z,2024-08-21T15:19:09Z,50318,Unknown,16,47,1428,1113
faceswap,2017-12-19T09:44:13Z,2024-08-21T17:18:17Z,50157,Python,4,357,856,837
ghidra,2019-03-01T03:27:48Z,2024-08-21T17:20:13Z,50077,Java,38,443,4762,3402
tldr,2013-12-08T07:34:43Z,2024-08-21T16:10:45Z,50073,Markdown,5,10878,1298,1136
awesome-android-ui,2014-12-24T01:45:03Z,2024-08-21T16:55:48Z,50068,Unknown,0,90,105,92
leetcode-master,2019-12-14T12:05:42Z,2024-08-21T16:58:56Z,49959,Shell,0,2147,230,61
guava,2014-05-29T16:23:17Z,2024-08-21T15:33:32Z,49908,Java,46,640,3569,2932
you-get,2012-08-20T15:53:36Z,2024-08-21T17:56:52Z,49812,Python,122,580,0,0
traefik,2015-09-13T19:04:02Z,2024-08-21T18:49:19Z,49744,Go,428,4223,5952,5332
lazygit,2018-05-19T00:53:06Z,2024-08-21T18:59:59Z,49651,Go,152,1357,1892,1236
anime,2016-03-13T21:37:45Z,2024-08-21T18:20:50Z,49450,JavaScript,15,72,716,508
grok-1,2024-03-17T08:53:38Z,2024-08-21T18:04:42Z,49356,Python,0,5,206,137
yolov5,2020-05-18T03:45:11Z,2024-08-21T18:25:00Z,49273,Python,10,2130,9211,9129
drawio-desktop,2017-05-25T20:58:42Z,2024-08-21T17:58:10Z,49233,JavaScript,141,20,1442,1335
bulma,2016-01-23T23:48:34Z,2024-08-21T17:57:30Z,49072,CSS,20,630,2637,2357
openpilot,2016-11-24T01:33:30Z,2024-08-21T18:04:00Z,49041,Python,55,10054,2719,2592
prettier,2016-11-29T17:13:37Z,2024-08-21T15:43:19Z,48941,JavaScript,117,8148,6612,5488
jekyll,2008-10-20T06:29:03Z,2024-08-21T18:30:57Z,48818,Ruby,109,3134,4823,4715
kotlin,2012-02-13T17:29:58Z,2024-08-21T17:44:13Z,48654,Kotlin,234,2058,0,0
rich,2019-11-10T15:28:09Z,2024-08-21T18:05:18Z,48652,Python,161,774,1295,1114
bat,2018-04-21T10:52:23Z,2024-08-21T18:38:15Z,48392,Rust,40,1313,1399,1117
pi-hole,2014-06-08T15:02:55Z,2024-08-21T18:16:22Z,48225,Shell,106,1878,2835,2804
DefinitelyTyped,2012-10-05T16:39:45Z,2024-08-21T16:09:46Z,48050,TypeScript,1,49830,8034,7485
mkcert,2018-06-25T05:33:03Z,2024-08-21T18:47:59Z,48044,Go,14,53,335,239
project-layout,2017-09-09T16:33:26Z,2024-08-21T18:46:00Z,47979,Makefile,0,85,108,44
moment,2011-03-01T02:46:06Z,2024-08-21T16:57:48Z,47932,JavaScript,0,714,4119,3900
RxJava,2013-01-08T20:11:48Z,2024-08-21T07:46:02Z,47814,Java,234,3241,3157,3147
chinese-poetry,2016-09-02T03:32:25Z,2024-08-21T16:55:33Z,47703,JavaScript,1,135,203,92
ComfyUI,2023-01-17T03:15:56Z,2024-08-21T18:33:32Z,47689,Python,10,457,2853,1230
pdf.js,2011-04-26T06:32:03Z,2024-08-21T15:39:07Z,47687,JavaScript,64,7371,9788,9405
hacker-scripts,2015-11-21T19:05:09Z,2024-08-21T14:10:37Z,47441,JavaScript,0,63,83,49
go-ethereum,2013-12-26T13:05:46Z,2024-08-21T18:30:51Z,47310,Go,199,7424,8068,7833
Prompt-Engineering-Guide,2022-12-16T16:04:50Z,2024-08-21T17:00:37Z,47177,MDX,0,302,164,64
github-cheat-sheet,2014-04-12T16:38:42Z,2024-08-21T18:38:28Z,47171,Unknown,0,129,69,47
etcd,2013-07-06T21:57:21Z,2024-08-21T18:46:29Z,47127,Go,237,8751,6645,6379
ripgrep,2016-03-11T02:02:33Z,2024-08-21T18:48:25Z,47119,Rust,71,507,1609,1506
awesome-ios,2014-07-10T16:03:45Z,2024-08-21T16:38:08Z,46753,Swift,0,2223,478,477
DeepFaceLab,2018-06-04T13:10:00Z,2024-08-21T17:18:31Z,46668,Python,2,31,1340,800
Ghost,2013-05-04T11:09:13Z,2024-08-21T16:21:06Z,46628,JavaScript,795,11143,6887,6862
cypress,2015-03-04T00:46:28Z,2024-08-21T17:01:53Z,46578,JavaScript,345,6199,14316,12915
mastodon,2016-02-22T15:01:25Z,2024-08-21T17:15:04Z,46569,Ruby,249,15181,11153,7336
Magisk,2016-09-08T12:42:53Z,2024-08-21T18:24:04Z,46556,C++,134,1462,5740,5720
algorithm-visualizer,2016-05-15T00:27:45Z,2024-08-21T18:08:55Z,46520,JavaScript,0,183,112,74
dayjs,2018-04-10T09:26:44Z,2024-08-21T18:52:26Z,46505,JavaScript,119,696,1634,824
serverless,2015-04-21T03:48:40Z,2024-08-21T17:38:05Z,46335,JavaScript,397,4661,6291,5164
segment-anything,2023-03-23T17:03:03Z,2024-08-21T17:44:46Z,46307,Jupyter Notebook,0,16,658,167
core,2018-06-12T13:49:36Z,2024-08-21T18:39:45Z,46294,TypeScript,223,2700,5122,4483
minio,2015-01-14T19:23:58Z,2024-08-21T18:17:29Z,46178,Go,494,9573,7376,7356
professional-programming,2015-11-07T05:07:52Z,2024-08-21T18:34:35Z,46125,Python,0,36,28,24
big-list-of-naughty-strings,2015-08-08T20:57:20Z,2024-08-21T17:44:23Z,46103,Python,0,90,99,32
marktext,2017-11-12T16:05:25Z,2024-08-21T18:37:37Z,46072,JavaScript,36,939,2768,1621
trackerslist,2016-04-24T11:57:57Z,2024-08-21T17:10:41Z,46071,Unknown,0,1,438,429
meilisearch,2018-04-23T11:45:28Z,2024-08-21T17:35:02Z,46008,Rust,206,1727,1937,1779
rclone,2014-03-16T16:19:57Z,2024-08-21T18:55:41Z,45718,Go,103,1890,5412,4479
okhttp,2012-07-23T13:42:55Z,2024-08-21T15:33:03Z,45632,Kotlin,0,3440,4053,3917
zustand,2019-04-09T09:10:06Z,2024-08-21T18:25:10Z,45604,TypeScript,85,641,667,664
learn-regex,2017-07-22T12:21:03Z,2024-08-21T14:34:38Z,45465,Unknown,0,124,86,35
uBlock,2015-04-01T17:51:11Z,2024-08-21T19:00:14Z,45462,JavaScript,269,240,3445,3433
awesome-rust,2014-07-17T10:45:10Z,2024-08-21T18:30:09Z,45378,Rust,0,1391,134,123
julia,2011-04-21T07:01:50Z,2024-08-21T18:04:19Z,45310,Julia,161,23912,25125,21074
awesome-wechat-weapp,2016-09-22T20:04:48Z,2024-08-21T17:22:38Z,45260,Unknown,0,275,0,0
v2ray-core,2015-09-04T11:42:53Z,2024-08-21T15:53:32Z,45178,Go,247,203,2573,2560
powerlevel10k,2019-02-24T19:09:45Z,2024-08-21T18:41:27Z,45147,Shell,33,158,2474,2420
dive,2018-05-13T15:44:01Z,2024-08-21T17:38:33Z,45069,Go,26,141,330,165
astro,2021-03-15T17:19:47Z,2024-08-21T19:03:19Z,45059,TypeScript,1000,6142,4524,4410
Projects,2013-07-04T13:37:27Z,2024-08-21T15:56:15Z,44830,Unknown,0,19,72,33
react,2018-06-02T04:08:16Z,2024-08-21T18:24:07Z,44812,JavaScript,0,359,204,201
joplin,2017-01-16T21:49:41Z,2024-08-21T18:31:03Z,44771,TypeScript,347,3329,6461,6062
gogs,2014-02-12T01:57:08Z,2024-08-21T17:48:37Z,44702,Go,78,1692,5088,4196
Motrix,2018-12-18T11:45:05Z,2024-08-21T17:22:41Z,44682,JavaScript,21,181,1293,577
FFmpeg,2011-04-14T14:12:38Z,2024-08-21T18:15:09Z,44486,C,0,16,0,0
zed,2021-02-20T03:01:06Z,2024-08-21T18:56:40Z,44485,Rust,567,7135,7481,4764
nocodb,2017-10-29T18:51:48Z,2024-08-21T14:49:15Z,44429,TypeScript,147,3688,3374,2805
PowerShell,2016-01-13T23:41:35Z,2024-08-21T17:51:17Z,44416,C#,172,6953,12311,11451
design-patterns-for-humans,2017-02-16T21:24:39Z,2024-08-21T17:51:02Z,44346,Unknown,0,49,51,47
100-Days-Of-ML-Code,2018-07-05T09:11:43Z,2024-08-21T18:26:38Z,44342,Unknown,0,6,0,0
fuels-rs,2021-10-31T22:33:54Z,2024-08-21T14:46:46Z,44311,Rust,100,791,601,519
fuels-ts,2021-09-03T18:11:03Z,2024-08-21T15:43:22Z,44305,TypeScript,126,1505,1153,1024
weekly,2018-10-13T12:36:07Z,2024-08-21T13:48:08Z,44255,Unknown,0,88,4843,824
architecture-samples,2016-02-05T13:42:07Z,2024-08-21T18:33:43Z,44233,Kotlin,0,224,480,343
meteor,2012-01-19T01:58:17Z,2024-08-21T15:57:49Z,44231,JavaScript,0,2231,9069,8829
first-contributions,2016-09-20T14:35:09Z,2024-08-21T17:34:43Z,44159,Unknown,0,73278,771,719
x64dbg,2015-04-11T20:48:23Z,2024-08-21T15:36:26Z,44145,C++,2,682,2467,1872
hiring-without-whiteboards,2017-03-15T05:09:01Z,2024-08-21T18:41:27Z,44069,JavaScript,0,1274,0,0
jest,2013-12-10T00:18:04Z,2024-08-21T15:43:59Z,43992,TypeScript,202,5547,7869,7583
hackingtool,2020-04-11T09:21:31Z,2024-08-21T18:52:20Z,43989,Python,0,55,338,297
n8n,2019-06-22T09:24:21Z,2024-08-21T19:02:37Z,43900,TypeScript,208,6968,1711,1518
starship,2019-04-02T03:23:12Z,2024-08-21T16:13:26Z,43861,Rust,130,2674,2231,1647
AdminLTE,2013-12-25T02:52:40Z,2024-08-21T18:06:46Z,43834,Astro,73,1502,2835,2716
gitea,2016-11-01T02:13:26Z,2024-08-21T18:53:49Z,43779,Go,194,16078,13420,10947
parcel,2017-08-07T16:36:47Z,2024-08-21T09:29:18Z,43347,JavaScript,35,2547,5333,4743
TensorFlow-Examples,2015-11-11T14:21:19Z,2024-08-21T18:24:08Z,43336,Jupyter Notebook,0,88,233,69
pixijs,2013-01-21T22:40:50Z,2024-08-21T17:24:56Z,43335,TypeScript,264,3421,5653,5328
appwrite,2019-04-08T16:36:25Z,2024-08-21T17:21:24Z,43191,TypeScript,96,2968,3570,2987
build-web-application-with-golang,2012-08-02T11:49:35Z,2024-08-21T17:23:26Z,43166,Go,0,757,302,182
babel,2014-09-28T13:38:23Z,2024-08-21T16:12:18Z,43130,TypeScript,406,5837,8824,8189
MetaGPT,2023-06-30T09:04:55Z,2024-08-21T17:58:02Z,43123,Python,21,592,616,319
hyper,2016-07-01T06:01:21Z,2024-08-21T15:01:08Z,43121,TypeScript,88,3291,3760,2861
pandas,2010-08-24T01:37:33Z,2024-08-21T17:41:30Z,43039,Python,108,25778,26728,23123
retrofit,2010-09-06T21:39:43Z,2024-08-21T11:22:16Z,42914,HTML,2,992,2713,2591
quill,2012-07-30T23:23:18Z,2024-08-21T18:38:58Z,42818,TypeScript,94,376,3570,3240
zx,2021-05-05T05:50:01Z,2024-08-21T18:37:13Z,42713,JavaScript,66,218,407,397
immich,2022-02-03T15:56:27Z,2024-08-21T18:49:44Z,42617,TypeScript,200,4358,3493,3052
huginn,2013-03-10T06:00:31Z,2024-08-21T16:39:43Z,42607,Ruby,1,1011,2132,1544
PythonDataScienceHandbook,2016-08-10T14:24:36Z,2024-08-21T16:59:20Z,42548,Jupyter Notebook,0,28,192,76
dify,2023-04-12T07:40:24Z,2024-08-21T18:49:24Z,42509,TypeScript,86,3072,3281,3028
ImHex,2020-11-10T14:27:00Z,2024-08-21T18:47:17Z,42413,C++,71,513,1134,857
CppCoreGuidelines,2015-08-19T20:22:52Z,2024-08-21T17:31:34Z,42314,CSS,4,804,1166,924
30-Days-Of-JavaScript,2019-12-23T14:07:40Z,2024-08-21T19:01:58Z,42313,JavaScript,0,98,155,59
type-challenges,2020-07-23T14:33:11Z,2024-08-21T17:57:30Z,42087,TypeScript,0,554,33525,3582
terraform,2014-03-13T22:25:48Z,2024-08-21T18:55:32Z,41987,Go,320,11705,20926,19138
frontend-dev-bookmarks,2013-06-22T13:23:55Z,2024-08-21T18:01:53Z,41974,Unknown,1,129,105,82
json,2013-07-04T08:47:49Z,2024-08-21T18:06:04Z,41954,C++,44,710,2228,2141
PaddleOCR,2020-05-08T10:38:16Z,2024-08-21T18:46:29Z,41938,Python,14,2432,9224,9107
open-source-ios-apps,2015-01-26T23:32:34Z,2024-08-21T18:03:19Z,41807,Unknown,37,1155,285,285
awesome-react-components,2016-06-24T15:19:33Z,2024-08-21T17:15:15Z,41727,Unknown,0,324,49,44
git-flight-rules,2014-07-22T20:35:09Z,2024-08-21T14:55:16Z,41701,Unknown,0,223,73,55
discourse,2013-01-12T00:25:55Z,2024-08-21T18:59:53Z,41528,Ruby,0,24775,0,0
grpc,2014-12-08T18:58:53Z,2024-08-21T18:04:52Z,41451,C++,322,19432,11383,10769
yarn,2016-01-19T17:39:16Z,2024-08-21T01:55:22Z,41397,JavaScript,152,1654,6580,4719
query,2019-09-10T19:23:58Z,2024-08-21T18:20:00Z,41396,TypeScript,917,2223,1857,1809
react-use,2018-10-27T10:16:05Z,2024-08-21T17:15:37Z,41358,TypeScript,255,1519,571,243
alist,2020-12-23T17:40:29Z,2024-08-21T18:10:51Z,41243,Go,113,650,3468,3317
pm2,2013-05-21T03:25:25Z,2024-08-21T16:38:33Z,41230,JavaScript,124,546,4973,4062
front-end-interview-handbook,2018-01-13T19:40:08Z,2024-08-21T15:42:16Z,41184,MDX,0,300,99,87
awesome-java,2014-07-09T10:12:43Z,2024-08-21T15:52:23Z,41102,Unknown,0,680,130,129
Alamofire,2014-07-31T05:56:19Z,2024-08-21T12:57:27Z,40906,Swift,99,634,2756,2717
vue2-elm,2016-12-23T01:49:20Z,2024-08-21T15:34:14Z,40901,Vue,0,21,626,512
react-hook-form,2019-03-05T23:47:10Z,2024-08-21T18:09:30Z,40858,TypeScript,552,1941,4465,4448
open-source-mac-os-apps,2017-11-03T02:35:33Z,2024-08-21T18:14:08Z,40829,Unknown,0,522,200,154
Leaflet,2010-09-22T16:57:44Z,2024-08-21T13:34:47Z,40805,JavaScript,31,2986,5171,4766
localsend,2022-12-16T00:46:07Z,2024-08-21T16:34:53Z,40776,Dart,21,482,874,477
jadx,2013-03-18T17:08:21Z,2024-08-21T17:15:05Z,40595,Java,29,482,1684,1295
brew,2016-03-06T05:08:38Z,2024-08-21T18:30:21Z,40567,Ruby,382,11245,4466,4422
edex-ui,2017-01-28T09:35:02Z,2024-08-21T16:20:50Z,40451,JavaScript,29,399,559,553
30-Days-Of-Python,2019-11-19T17:24:16Z,2024-08-21T18:39:52Z,40402,Python,0,55,138,74
styled-components,2016-08-16T06:41:32Z,2024-08-21T16:10:30Z,40344,TypeScript,169,945,2892,2634
drawio,2016-09-06T12:59:15Z,2024-08-21T16:51:10Z,40317,JavaScript,837,36,3641,3375
dubbo,2012-06-19T07:56:02Z,2024-08-21T18:15:39Z,40310,Java,102,5261,6967,6208
ChatGLM-6B,2023-03-13T12:00:18Z,2024-08-21T16:14:10Z,40276,Python,0,49,1292,746
nw.js,2012-01-04T06:21:10Z,2024-08-21T17:52:12Z,40263,JavaScript,0,573,7318,6395
kubernetes-the-hard-way,2016-07-07T14:15:27Z,2024-08-21T18:53:52Z,40240,Unknown,0,70,406,297
Docker-OSX,2020-06-04T11:01:37Z,2024-08-21T19:00:43Z,40150,Shell,0,101,611,265
python-patterns,2012-06-06T21:02:35Z,2024-08-21T13:36:04Z,40076,Python,0,264,87,76
uni-app,2018-07-12T08:52:39Z,2024-08-21T16:19:15Z,39816,JavaScript,0,304,4515,3501
Rocket.Chat,2015-05-19T07:36:09Z,2024-08-21T18:35:32Z,39811,TypeScript,940,12517,15887,13384
JeecgBoot,2018-11-26T10:40:00Z,2024-08-21T14:33:30Z,39788,Java,46,73,6136,6088
what-happens-when,2013-11-07T04:30:06Z,2024-08-21T18:32:10Z,39727,Unknown,0,108,287,51
monaco-editor,2016-06-07T16:56:31Z,2024-08-21T15:33:40Z,39572,JavaScript,86,445,3621,3101
vuetify,2016-09-12T00:39:35Z,2024-08-21T17:16:53Z,39570,TypeScript,564,3943,14093,13419
Fooocus,2023-08-09T18:43:40Z,2024-08-21T18:29:02Z,39503,Python,21,448,1484,1324
swiper,2012-03-14T19:11:45Z,2024-08-21T17:13:40Z,39413,JavaScript,72,575,5533,5410
spark,2014-02-25T08:00:08Z,2024-08-21T15:42:11Z,39164,Scala,0,7,0,0
awesome-cheatsheets,2017-11-09T02:47:15Z,2024-08-21T18:35:23Z,39116,JavaScript,0,168,85,55
text-generation-webui,2022-12-21T04:17:37Z,2024-08-21T15:20:41Z,39082,Python,50,1005,3585,3378
hexo,2012-09-23T15:17:08Z,2024-08-21T17:48:13Z,39068,TypeScript,114,912,3937,3862
fastlane,2014-12-02T17:00:38Z,2024-08-21T14:18:10Z,38967,Ruby,543,6177,12943,12421
ailearning,2017-02-25T08:53:02Z,2024-08-21T16:36:45Z,38949,Python,2,477,111,109
lx-music-desktop,2019-08-14T14:31:08Z,2024-08-21T17:29:22Z,38946,TypeScript,107,34,1795,1119
dbeaver,2015-10-21T08:26:28Z,2024-08-21T18:30:29Z,38939,Java,206,4939,17285,14880
materialize,2014-09-12T19:35:38Z,2024-08-21T16:17:38Z,38862,JavaScript,41,449,5221,4598
kong,2014-11-17T23:56:08Z,2024-08-21T17:16:27Z,38658,Lua,141,5910,4385,4354
reactjs-interview-questions,2018-05-31T17:17:01Z,2024-08-21T18:44:51Z,38654,JavaScript,0,155,104,99
awesome-design-patterns,2018-06-04T17:47:48Z,2024-08-21T17:48:52Z,38603,Unknown,0,30,13,5
Stirling-PDF,2023-01-27T18:22:42Z,2024-08-21T19:01:36Z,38598,Java,83,756,716,545
prisma,2019-06-20T13:33:47Z,2024-08-21T15:05:33Z,38586,TypeScript,194,5486,10390,7388
CPlusPlusThings,2019-07-14T08:45:45Z,2024-08-21T15:59:31Z,38555,C++,0,72,221,215
ColossalAI,2021-10-28T16:19:44Z,2024-08-21T10:29:48Z,38504,Python,42,3507,1641,1251
sentry,2010-08-30T22:06:41Z,2024-08-21T15:37:16Z,38343,Python,135,55802,13097,10510
pyenv,2012-08-31T06:57:52Z,2024-08-21T18:56:50Z,38335,Roff,103,876,1757,1705
black,2018-03-14T19:54:45Z,2024-08-21T16:22:38Z,38234,Python,44,1470,2617,2260
acme.sh,2015-12-26T12:56:33Z,2024-08-21T16:18:52Z,38208,Shell,41,1306,3067,2075
pocketbase,2022-07-05T06:06:21Z,2024-08-21T18:57:11Z,38144,Go,143,49,1444,1405
stablediffusion,2022-11-23T23:59:50Z,2024-08-21T18:08:23Z,38118,Python,0,18,299,71
cheat.sh,2017-05-07T21:40:56Z,2024-08-21T18:07:36Z,38008,Python,0,122,247,128
AFFiNE,2022-07-31T18:45:21Z,2024-08-21T17:29:01Z,38006,TypeScript,349,4592,2099,1944
fanqiang,2015-01-14T00:34:25Z,2024-08-21T15:08:48Z,37909,Kotlin,3,3,754,444
Deep-Learning-Papers-Reading-Roadmap,2016-10-14T11:49:48Z,2024-08-21T16:13:11Z,37862,Python,0,28,53,5
esbuild,2016-06-14T16:08:50Z,2024-08-21T16:34:35Z,37837,Go,288,234,3441,3010
metabase,2015-02-02T19:25:47Z,2024-08-21T18:45:57Z,37793,Clojure,544,23821,19629,15851
php-src,2011-06-16T01:52:25Z,2024-08-21T16:22:01Z,37775,C,0,3105,2886,2272
video.js,2010-05-14T18:45:10Z,2024-08-21T18:00:40Z,37715,JavaScript,319,1760,5264,4771
bert,2018-10-25T22:57:34Z,2024-08-21T18:49:12Z,37695,Python,0,32,1142,352
tabler,2018-02-01T09:08:59Z,2024-08-21T13:13:18Z,37638,HTML,42,478,906,828
impress.js,2011-12-28T22:23:19Z,2024-08-21T06:29:59Z,37599,JavaScript,15,121,479,425
MPAndroidChart,2014-04-25T14:29:47Z,2024-08-21T14:09:37Z,37496,Java,44,190,4936,2884
iina,2016-12-19T07:18:45Z,2024-08-21T15:18:21Z,37495,Swift,44,732,3880,2255
wrk,2012-03-20T11:12:28Z,2024-08-21T16:17:37Z,37418,C,0,0,402,262
chakra-ui,2019-08-17T14:27:54Z,2024-08-21T18:40:36Z,37330,MDX,1000,2385,3634,3355
cobra,2013-09-03T20:40:26Z,2024-08-21T17:55:36Z,37325,Go,22,581,1150,956
lobe-chat,2023-05-21T07:19:12Z,2024-08-21T18:30:14Z,37314,TypeScript,806,955,1800,1473
styleguide,2015-05-20T19:18:59Z,2024-08-21T18:08:44Z,37135,HTML,0,161,328,166
Made-With-ML,2018-11-05T03:44:27Z,2024-08-21T15:50:16Z,36960,Jupyter Notebook,0,147,71,56
odoo,2014-05-13T15:38:58Z,2024-08-21T18:44:14Z,36939,Python,0,6175,17590,14851
freecodecamp.cn,2016-09-30T03:13:43Z,2024-08-21T12:19:30Z,36932,CSS,0,55,585,445
Open-Assistant,2022-12-13T05:24:17Z,2024-08-21T17:34:56Z,36923,Python,127,1616,1641,1418
chinese-independent-developer,2017-09-21T11:08:23Z,2024-08-21T18:58:14Z,36848,Unknown,0,234,137,136
phaser,2013-04-12T12:27:51Z,2024-08-21T15:41:56Z,36846,JavaScript,150,1673,4365,4305
zju-icicles,2016-06-28T16:17:32Z,2024-08-21T14:40:17Z,36814,HTML,0,211,76,64
tidb,2015-09-06T04:01:52Z,2024-08-21T18:09:47Z,36784,Go,195,29313,18742,15257
htmx,2020-04-13T16:17:51Z,2024-08-21T18:47:59Z,36701,JavaScript,22,750,1353,826
free,2020-06-07T02:48:33Z,2024-08-21T16:39:22Z,36678,Unknown,0,0,655,184
diagrams,2020-02-02T15:23:24Z,2024-08-21T18:59:33Z,36609,Python,40,255,492,190
nvm-windows,2014-09-20T16:37:28Z,2024-08-21T18:45:19Z,36591,Go,20,97,849,778
English-level-up-tips,2017-05-30T07:18:52Z,2024-08-21T14:06:21Z,36518,HTML,0,26,98,71
interview_internal_reference,2019-06-10T06:54:19Z,2024-08-21T12:20:39Z,36486,Python,0,35,45,18
preact,2015-09-11T02:40:18Z,2024-08-21T17:30:21Z,36474,JavaScript,209,1666,1808,1683
cli,2019-10-03T15:24:53Z,2024-08-21T18:56:53Z,36442,Go,140,2160,4292,3658
tutorials,2013-04-29T18:26:36Z,2024-08-21T18:06:45Z,36423,Java,0,12158,754,730
gorm,2013-10-25T08:31:38Z,2024-08-21T13:43:35Z,36379,Go,2,712,5728,5319
pure-bash-bible,2018-06-13T01:39:33Z,2024-08-21T16:59:32Z,36368,Shell,0,28,77,33
ClickHouse,2016-06-02T08:28:18Z,2024-08-21T18:43:15Z,36316,C++,572,39538,20919,17537
open-webui,2023-10-06T22:08:27Z,2024-08-21T18:57:25Z,36315,Svelte,45,1104,1841,1715
ant-design-pro,2017-08-25T10:40:44Z,2024-08-21T16:46:30Z,36247,TypeScript,26,960,9629,9495
manifesto,2023-08-13T16:17:24Z,2024-08-21T17:38:11Z,36235,HTML,0,761,25,11
50projects50days,2020-11-16T14:39:01Z,2024-08-21T18:34:01Z,36227,CSS,0,42,0,0
FastChat,2023-03-19T00:18:02Z,2024-08-21T18:39:03Z,36207,Python,14,786,1752,1004
vaultwarden,2018-02-17T22:40:20Z,2024-08-21T17:20:43Z,36062,Rust,59,813,2012,1997
python-cheatsheet,2018-01-25T04:16:53Z,2024-08-21T16:21:02Z,36029,Python,0,14,65,60
llm-course,2023-06-17T22:16:25Z,2024-08-21T17:20:20Z,36027,Jupyter Notebook,0,1,65,26
leveldb,2014-08-27T21:17:52Z,2024-08-21T16:46:25Z,35983,C++,21,61,755,534
airflow,2015-04-13T18:04:58Z,2024-08-21T17:43:25Z,35928,Python,88,21502,9464,8620
shellcheck,2012-11-17T03:15:11Z,2024-08-21T18:06:43Z,35927,Haskell,29,285,2645,1643
vim,2015-08-18T21:03:56Z,2024-08-21T18:57:27Z,35916,Vim Script,0,438,8179,6760
lazydocker,2019-05-18T08:53:50Z,2024-08-21T14:13:24Z,35875,Go,40,181,316,181
JavaFamily,2019-11-12T04:26:18Z,2024-08-21T17:27:23Z,35854,Unknown,0,2,62,60
nanoGPT,2022-12-28T00:51:12Z,2024-08-21T17:21:08Z,35791,Python,0,44,310,102
mitmproxy,2010-02-16T04:10:13Z,2024-08-21T17:01:57Z,35648,Python,66,2363,3345,3030
DragGAN,2023-05-18T10:08:02Z,2024-08-21T14:55:48Z,35633,Python,0,18,188,46
og-aws,2016-07-13T17:30:16Z,2024-08-21T08:03:44Z,35625,Shell,0,498,227,87
v,2019-02-08T02:57:06Z,2024-08-21T17:11:50Z,35624,V,220,10719,8485,7585
lerna,2015-12-04T09:36:55Z,2024-08-21T15:29:10Z,35600,TypeScript,238,960,2618,2251
istio,2016-11-18T23:57:21Z,2024-08-21T18:13:28Z,35590,Go,356,25995,19796,19268
wtfpython,2017-08-28T20:22:19Z,2024-08-21T13:59:57Z,35584,Python,2,100,197,125
deeplearningbook-chinese,2016-12-07T11:46:51Z,2024-08-21T18:16:39Z,35538,TeX,7,16,201,137
GFPGAN,2021-03-19T06:18:20Z,2024-08-21T16:35:01Z,35366,Python,8,14,468,125
arthas,2018-08-29T17:15:57Z,2024-08-21T17:18:48Z,35262,Java,53,513,1980,1663
taro,2018-04-08T09:32:26Z,2024-08-21T11:33:20Z,35259,TypeScript,180,3219,11108,9883
curl,2010-03-18T22:32:22Z,2024-08-21T18:22:22Z,35190,C,81,180,4631,4622
fullPage.js,2013-09-20T11:58:29Z,2024-08-21T14:44:33Z,35117,JavaScript,95,309,4083,3940
hello-algorithm,2020-05-29T05:47:09Z,2024-08-21T18:58:15Z,35088,Java,0,26,42,32
koa,2013-07-20T18:53:45Z,2024-08-21T15:00:13Z,35064,JavaScript,0,493,906,874
aspnetcore,2014-03-11T06:09:42Z,2024-08-21T18:06:47Z,35058,C#,232,15963,34426,31129
bark,2023-04-07T19:34:48Z,2024-08-21T16:43:15Z,34972,Jupyter Notebook,0,19,430,230
tldraw,2021-05-09T11:48:37Z,2024-08-21T17:03:03Z,34945,TypeScript,36,2149,1151,906
shadowsocks-android,2012-12-16T13:40:29Z,2024-08-21T18:28:48Z,34926,Kotlin,184,252,2488,2435
lottie-android,2016-10-06T22:42:42Z,2024-08-21T16:27:11Z,34905,Java,50,676,1713,1690
wtfjs,2017-07-14T15:42:12Z,2024-08-21T18:58:35Z,34877,JavaScript,25,124,112,96
sheetjs,2012-12-03T19:25:52Z,2024-08-21T18:05:44Z,34874,Unknown,0,106,2384,2267
devdocs,2013-10-24T18:16:07Z,2024-08-21T17:41:57Z,34825,Ruby,0,748,1168,996
nativefier,2015-07-05T05:56:42Z,2024-08-21T16:16:50Z,34800,TypeScript,99,261,1237,982
hackathon-starter,2013-11-13T17:24:12Z,2024-08-21T19:04:16Z,34790,JavaScript,15,323,650,643
MockingBird,2021-08-07T03:53:39Z,2024-08-21T14:53:39Z,34780,Python,1,76,875,411
bevy,2020-01-18T21:13:55Z,2024-08-21T18:42:12Z,34764,Rust,28,3429,5242,3497
aria2,2010-11-27T09:41:48Z,2024-08-21T18:06:12Z,34735,C++,24,252,1842,807
quivr,2023-05-12T23:53:30Z,2024-08-21T17:08:51Z,34664,Python,310,1553,1256,1176
llama_index,2022-11-02T04:24:54Z,2024-08-21T19:00:25Z,34587,Python,312,5053,4854,4206
glide,2013-07-08T22:52:33Z,2024-08-21T15:33:44Z,34549,Java,47,538,4428,3911
955.WLB,2019-03-27T23:53:37Z,2024-08-21T13:54:10Z,34544,Unknown,0,18,260,81
TaskMatrix,2023-03-02T09:04:28Z,2024-08-21T18:12:38Z,34533,Python,0,21,351,134
tesseract.js,2015-06-24T02:49:52Z,2024-08-21T16:20:42Z,34459,JavaScript,53,172,689,659
node-v0.x-archive,2009-05-27T16:29:46Z,2024-08-21T14:26:48Z,34450,Unknown,0,218,6378,6378
the-way-to-go_ZH_CN,2013-03-24T17:18:38Z,2024-08-21T15:20:26Z,34448,Go,0,592,0,0
awesome-react-native,2015-03-26T19:58:06Z,2024-08-21T16:22:35Z,34425,JavaScript,0,912,72,35
DeepSpeed,2020-01-23T18:35:18Z,2024-08-21T18:32:15Z,34424,Python,77,2310,2684,1688
carbon,2017-06-16T02:50:28Z,2024-08-21T18:16:36Z,34397,JavaScript,215,659,669,602
gym,2016-04-27T14:59:16Z,2024-08-21T16:31:06Z,34395,Python,19,999,1818,1722
date-fns,2014-10-06T10:24:22Z,2024-08-21T15:19:48Z,34340,TypeScript,120,1067,1871,1326
tmux,2015-06-03T23:32:55Z,2024-08-21T19:02:22Z,34203,C,35,1,3391,3345
photoprism,2018-01-27T12:00:15Z,2024-08-21T17:48:34Z,34196,Go,70,644,2164,1728
interview,2018-02-09T09:49:48Z,2024-08-21T17:44:48Z,34191,C++,0,35,62,40
streamlit,2019-08-24T00:14:52Z,2024-08-21T17:06:19Z,34171,Python,82,4002,4434,3548
Ryujinx,2018-02-04T23:07:54Z,2024-08-21T18:17:50Z,34162,C#,0,2965,3319,2401
insomnia,2016-04-23T03:54:26Z,2024-08-21T18:15:32Z,34131,JavaScript,460,2752,3601,2947
lapce,2018-02-06T08:41:06Z,2024-08-21T17:25:27Z,34101,Rust,30,1089,1880,1151
googletest,2015-07-28T15:07:53Z,2024-08-21T16:24:25Z,34084,C++,9,808,2230,1960
termux-app,2015-10-23T09:42:46Z,2024-08-21T18:20:54Z,34084,Java,91,149,2630,2305
trpc,2020-07-18T01:17:11Z,2024-08-21T17:27:10Z,34073,TypeScript,200,3219,1072,981
TrafficMonitor,2017-07-30T02:51:17Z,2024-08-21T18:19:45Z,34031,C++,24,43,1649,635
caffe,2013-09-12T18:39:48Z,2024-08-21T16:10:06Z,34008,C++,14,1087,4797,3897
novu,2021-08-26T15:22:44Z,2024-08-21T18:58:28Z,34002,TypeScript,36,3998,1462,1187
clipboard.js,2015-09-18T23:04:55Z,2024-08-21T13:49:04Z,33956,JavaScript,42,117,625,616
whisper.cpp,2022-09-25T18:26:37Z,2024-08-21T17:24:16Z,33917,C,17,523,1270,638
typeorm,2016-02-29T07:41:14Z,2024-08-21T18:49:01Z,33886,TypeScript,32,1969,8116,5729
v2rayNG,2019-05-15T02:15:31Z,2024-08-21T18:50:28Z,33865,Kotlin,187,245,2725,2699
formik,2017-06-14T19:50:59Z,2024-08-21T15:41:41Z,33824,TypeScript,196,821,2239,1550
vim-plug,2013-09-10T14:58:51Z,2024-08-21T18:13:26Z,33807,Vim Script,8,175,1018,953
AI-For-Beginners,2021-03-03T16:27:36Z,2024-08-21T18:33:34Z,33791,Jupyter Notebook,0,157,111,92
12306,2017-05-17T12:23:40Z,2024-08-21T09:18:13Z,33728,Python,1,31,691,466
pandoc,2010-03-20T20:34:23Z,2024-08-21T16:21:45Z,33686,Haskell,137,1569,7565,6514
google-research,2018-10-04T18:42:48Z,2024-08-21T18:54:10Z,33663,Jupyter Notebook,0,29,1229,325
gold-miner,2015-11-04T03:29:13Z,2024-08-21T15:30:13Z,33631,Unknown,0,3563,5591,5586
metasploit-framework,2011-08-30T06:13:20Z,2024-08-21T16:39:26Z,33605,Ruby,0,10680,6024,5619
shadowsocks,2012-04-20T13:10:49Z,2024-08-21T10:48:12Z,33541,Python,2,70,0,0
Files,2019-01-04T18:19:14Z,2024-08-21T17:56:30Z,33515,C#,116,5016,9903,9423
compose,2013-12-09T11:40:58Z,2024-08-21T17:41:11Z,33407,Go,230,3096,7616,7385
HanLP,2014-10-09T06:36:16Z,2024-08-21T18:08:45Z,33335,Python,57,78,1408,1398
AFNetworking,2011-05-31T21:28:44Z,2024-08-20T09:45:06Z,33333,Objective-C,40,710,0,0
zig,2015-08-06T00:51:28Z,2024-08-21T17:47:16Z,33325,Zig,18,7839,11116,8215
brackets,2011-12-07T21:14:40Z,2024-08-21T09:43:41Z,33264,JavaScript,69,4332,9683,7066
awesome-javascript,2014-07-01T15:59:02Z,2024-08-21T18:28:44Z,33243,Unknown,0,377,89,86
netty,2010-11-09T09:22:21Z,2024-08-21T17:54:15Z,33215,Java,0,3518,6432,5869
Summer2025-Internships,2020-05-23T20:53:18Z,2024-08-21T18:58:44Z,33190,Unknown,0,1668,2249,2243
AndroidUtilCode,2016-07-30T18:18:32Z,2024-08-21T16:59:18Z,33188,Java,117,88,1571,1277
cli,2012-02-25T12:39:13Z,2024-08-21T18:56:38Z,33172,Python,46,399,868,712
fd,2017-05-09T21:27:10Z,2024-08-21T16:45:26Z,33094,Rust,39,579,854,758
react-beautiful-dnd,2017-08-09T03:37:15Z,2024-08-21T18:08:45Z,33058,JavaScript,68,527,1601,1043
awesome-compose,2020-02-13T08:51:42Z,2024-08-21T17:40:09Z,33031,HTML,0,149,112,39
EasySpider,2020-07-18T02:41:27Z,2024-08-21T18:03:21Z,33000,JavaScript,9,32,465,383
jieba,2012-09-29T07:52:01Z,2024-08-21T13:53:16Z,32985,Python,9,96,848,227
REKCARC-TSC-UHT,2019-04-05T03:31:23Z,2024-08-21T17:43:12Z,32977,HTML,0,156,31,30
Awesome-Design-Tools,2019-02-12T13:55:30Z,2024-08-21T18:03:02Z,32971,JavaScript,0,283,34,25
halo,2018-03-21T12:56:52Z,2024-08-21T18:17:21Z,32958,Java,182,2119,3799,3453
gulp,2013-07-04T05:26:06Z,2024-08-21T14:37:04Z,32957,JavaScript,23,405,1928,1904
XX-Net,2015-01-15T09:35:51Z,2024-08-21T18:44:29Z,32949,Python,388,362,13286,5395
immutable-js,2014-07-02T06:02:29Z,2024-08-21T14:49:15Z,32908,TypeScript,80,511,1239,1135
jellyfin,2018-12-09T06:36:45Z,2024-08-21T18:21:50Z,32883,C#,76,4127,6225,5737
TTS,2020-05-20T15:45:28Z,2024-08-21T18:01:05Z,32860,Python,98,467,1089,1024
appsmith,2020-06-30T04:07:36Z,2024-08-21T17:45:52Z,32838,TypeScript,238,12154,20604,16884
daisyui,2020-11-28T22:57:27Z,2024-08-21T18:06:56Z,32801,Svelte,41,283,1568,1489
spring-boot-demo,2017-11-10T06:27:29Z,2024-08-21T18:58:14Z,32762,Java,0,15,165,73
ray,2016-10-25T19:38:30Z,2024-08-21T18:50:23Z,32729,Python,90,22895,18233,14814
fiber,2020-01-16T03:59:20Z,2024-08-21T17:43:44Z,32695,Go,122,1456,1402,1314
marked,2011-07-24T13:15:51Z,2024-08-21T16:39:24Z,32636,JavaScript,133,1381,1489,1468
zod,2020-03-07T20:59:08Z,2024-08-21T18:15:00Z,32578,TypeScript,89,493,1914,1531
zxing,2011-10-12T14:07:27Z,2024-08-21T10:30:28Z,32577,Java,31,311,1275,1269
LeetCode-Go,2017-07-18T00:06:14Z,2024-08-21T14:06:42Z,32573,Go,4,174,76,62
WeChatMsg,2023-01-11T05:03:49Z,2024-08-21T18:36:48Z,32485,Python,32,62,398,348
slidev,2021-04-24T01:25:23Z,2024-08-21T18:45:31Z,32428,TypeScript,351,571,1013,952
ijkplayer,2013-06-03T04:12:04Z,2024-08-21T16:59:53Z,32354,C,0,35,5346,2535
awesome-shell,2014-07-07T01:57:42Z,2024-08-21T18:37:42Z,32337,Unknown,0,307,57,22
helix,2020-06-01T04:26:56Z,2024-08-21T18:03:37Z,32323,Rust,26,3569,4394,3804
ShadowsocksX-NG,2016-06-10T11:49:00Z,2024-08-21T13:08:00Z,32293,Swift,29,63,1352,1044
ccxt,2017-05-14T15:41:56Z,2024-08-21T18:36:53Z,32286,Python,65,11356,10114,9266
material-design-lite,2015-01-14T22:01:33Z,2024-08-21T17:20:56Z,32283,HTML,14,655,2185,1812
carbon-lang,2020-04-27T21:45:16Z,2024-08-21T15:38:58Z,32264,C++,63,2886,597,492
husky,2014-06-23T12:14:21Z,2024-08-21T17:10:08Z,32199,JavaScript,78,255,1034,1001
expo,2016-08-15T17:14:25Z,2024-08-21T18:46:47Z,32173,TypeScript,0,13688,14247,13808
typst,2019-09-24T21:41:56Z,2024-08-21T16:51:19Z,32165,Rust,16,1184,2365,1772
gitness,2014-02-07T07:54:44Z,2024-08-21T17:39:26Z,32042,Go,41,1022,1946,1806
framework,2013-01-10T21:27:28Z,2024-08-21T18:32:59Z,32023,PHP,748,15259,18125,18115
JavaScript,2017-07-13T06:12:33Z,2024-08-21T18:10:20Z,31973,JavaScript,0,787,192,188
solid,2018-04-24T16:36:27Z,2024-08-21T16:49:29Z,31919,TypeScript,34,346,986,903
easyexcel,2018-02-06T03:14:08Z,2024-08-21T14:45:46Z,31770,Java,13,188,3437,3065
penpot,2015-12-29T22:09:07Z,2024-08-21T18:06:57Z,31731,Clojure,40,2957,1520,1200
sqlmap,2012-06-26T09:52:15Z,2024-08-21T17:15:48Z,31702,Python,9,165,5204,5156
fastify,2016-09-28T19:10:14Z,2024-08-21T18:53:28Z,31689,JavaScript,284,2743,1970,1899
logseq,2020-05-23T00:06:06Z,2024-08-21T17:47:13Z,31681,Clojure,147,2924,7602,6064
gradio,2018-12-19T08:24:04Z,2024-08-21T18:35:50Z,31677,Python,1000,3644,4625,4116
android-open-project,2014-01-05T15:20:15Z,2024-08-20T17:16:31Z,31592,Unknown,0,204,84,74
RSSHub,2018-04-02T14:43:21Z,2024-08-21T18:15:04Z,31575,TypeScript,0,8905,5404,5098
awesome-awesomeness,2014-07-08T05:44:19Z,2024-08-21T19:02:52Z,31573,Ruby,0,197,68,52
GitHubDaily,2018-12-30T13:56:58Z,2024-08-21T17:45:43Z,31541,Unknown,0,3,438,167
run,2022-04-10T05:42:40Z,2024-08-21T18:46:29Z,31397,Unknown,0,172,251,212
GPT-SoVITS,2024-01-14T18:05:21Z,2024-08-21T16:29:45Z,31346,Python,1,250,1109,584
beego,2012-02-29T02:32:08Z,2024-08-21T18:07:09Z,31339,Go,33,1293,3335,3328
nushell,2019-05-10T16:59:42Z,2024-08-21T18:02:38Z,31323,Rust,98,6614,5569,4250
Coursera-ML-AndrewNg-Notes,2017-11-04T10:04:08Z,2024-08-21T16:19:21Z,31307,HTML,0,13,67,15
certbot,2014-11-12T02:52:20Z,2024-08-21T15:12:48Z,31240,Python,52,3755,5304,5131
system-design,2022-08-15T18:59:54Z,2024-08-21T17:21:02Z,31232,Unknown,0,11,20,19
pytorch-image-models,2019-02-02T05:51:12Z,2024-08-21T17:24:21Z,31189,Python,58,363,901,857
chatgpt-web,2023-02-09T03:21:37Z,2024-08-21T16:40:11Z,31167,Vue,43,159,1742,1740
AgentGPT,2023-04-07T02:29:19Z,2024-08-21T18:19:49Z,31160,TypeScript,12,539,456,334
graphql-engine,2018-06-18T07:57:36Z,2024-08-21T17:24:50Z,31013,TypeScript,269,2109,6198,3978
jQuery-File-Upload,2010-12-01T15:35:32Z,2024-08-21T00:33:54Z,30964,PHP,0,119,3307,3258
poetry,2018-02-28T15:23:47Z,2024-08-21T16:19:27Z,30855,Python,133,2076,5827,5216
swc,2017-12-22T11:40:14Z,2024-08-21T18:23:31Z,30839,Rust,537,4794,3490,3156
NewPipe,2015-09-03T23:39:26Z,2024-08-21T18:55:33Z,30836,Java,131,1554,8895,7705
Python,2011-11-30T09:04:08Z,2024-08-21T16:50:16Z,30831,Python,0,1464,407,131
engineering-blogs,2015-06-13T18:25:17Z,2024-08-21T17:49:40Z,30792,Ruby,0,681,91,74
Langchain-Chatchat,2023-03-31T12:12:45Z,2024-08-21T17:34:05Z,30767,TypeScript,31,591,3731,3622
linux-command,2016-11-12T15:44:26Z,2024-08-21T17:11:10Z,30764,Markdown,27,325,182,116
vault,2015-02-25T00:15:59Z,2024-08-21T18:57:44Z,30761,Go,146,18703,6107,5072
awesome-php,2013-11-26T03:14:19Z,2024-08-21T17:41:56Z,30751,Unknown,0,435,136,134
zsh-autosuggestions,2013-10-26T16:09:37Z,2024-08-21T18:32:57Z,30739,Shell,0,112,589,450
cal.com,2021-03-22T13:47:42Z,2024-08-21T18:55:58Z,30659,TypeScript,280,7251,6506,5776
openpose,2017-04-24T14:06:31Z,2024-08-21T17:48:26Z,30657,C++,15,174,1963,1660
Blog,2017-03-13T10:04:33Z,2024-08-21T17:25:01Z,30636,Unknown,0,3,314,98
MS-DOS,2018-06-25T18:26:02Z,2024-08-20T22:46:03Z,30580,Assembly,0,37,0,0
rxjs,2015-03-15T06:17:10Z,2024-08-21T18:22:12Z,30543,TypeScript,2,2587,3147,2934
modern-unix,2021-01-12T00:50:14Z,2024-08-21T18:38:54Z,30529,Unknown,0,10,81,16
vimrc,2012-05-29T16:19:29Z,2024-08-21T18:13:07Z,30491,Vim Script,0,107,510,510
leetcode,2018-09-16T14:03:03Z,2024-08-21T18:01:38Z,30453,Java,20,3073,43,41
yew,2017-12-16T14:19:02Z,2024-08-21T17:46:51Z,30430,MDX,35,1691,1236,1120
p3c,2017-06-23T06:15:51Z,2024-08-21T16:47:07Z,30333,Kotlin,0,62,856,698
clash-verge-rev,2023-11-21T18:24:03Z,2024-08-21T18:58:13Z,30332,TypeScript,38,101,1442,1213
learnGitBranching,2012-08-13T22:36:09Z,2024-08-21T17:32:13Z,30304,JavaScript,0,564,477,446
OpenHands,2024-03-13T03:33:31Z,2024-08-21T19:02:11Z,30303,Python,8,1759,1263,1138
libpku,2018-11-22T13:33:06Z,2024-08-21T15:34:04Z,30300,TeX,0,22,41,31
How-To-Ask-Questions-The-Smart-Way,2015-03-28T16:52:40Z,2024-08-21T15:50:49Z,30297,JavaScript,0,97,30,22
html2canvas,2011-07-16T01:05:58Z,2024-08-21T15:33:41Z,30290,TypeScript,45,186,2571,1654
spacedrive,2021-09-27T05:09:04Z,2024-08-21T18:04:42Z,30271,TypeScript,25,1824,440,366
NeteaseCloudMusicApi,2016-06-22T11:58:03Z,2024-08-21T06:38:21Z,30271,Unknown,0,292,1337,1190
serenity,2018-12-02T19:28:41Z,2024-08-21T16:46:20Z,30229,C++,0,18535,4170,3467
spring-boot-examples,2016-11-05T05:32:33Z,2024-08-21T14:09:30Z,30142,Java,0,7,106,99
portainer,2016-05-19T20:15:28Z,2024-08-21T18:03:06Z,30136,TypeScript,117,4695,5603,5147
nps,2018-11-04T13:22:51Z,2024-08-21T18:48:35Z,30136,Go,59,74,1172,697
swr,2019-10-28T18:16:01Z,2024-08-21T19:02:08Z,30127,TypeScript,115,763,902,798
ruff,2022-08-09T17:17:44Z,2024-08-21T18:41:18Z,30121,Rust,320,7194,4988,4014
dotfiles,2011-09-05T18:07:54Z,2024-08-21T14:18:38Z,30103,Shell,0,44,389,248
faiss,2017-02-07T16:07:05Z,2024-08-21T18:39:35Z,30096,C++,16,136,2440,2233
selenium,2013-01-14T21:40:56Z,2024-08-21T18:37:48Z,30046,Java,96,2107,10320,10167
fairseq,2017-08-29T16:26:12Z,2024-08-21T15:33:40Z,30039,Python,16,229,4180,3049
AnotherRedisDesktopManager,2019-01-08T06:01:56Z,2024-08-21T17:51:28Z,30033,JavaScript,49,139,990,872
lottie-web,2015-02-20T21:02:59Z,2024-08-21T18:41:14Z,29972,JavaScript,0,133,2850,2118
HEAD,2016-04-20T20:05:37Z,2024-08-21T12:13:43Z,29970,Unknown,0,86,93,73
jq,2012-07-18T19:57:25Z,2024-08-21T18:25:39Z,29931,C,13,539,2200,1825
C-Plus-Plus,2016-07-16T10:19:45Z,2024-08-21T13:12:48Z,29884,C++,0,594,287,277
nacos,2018-06-15T06:49:27Z,2024-08-21T12:32:08Z,29854,Java,69,2775,8451,8224
autogen,2023-08-18T11:43:45Z,2024-08-21T19:02:32Z,29845,Jupyter Notebook,58,1159,1565,946
detectron2,2019-09-05T21:30:20Z,2024-08-21T18:56:58Z,29787,Python,10,0,3490,3062
vue-cli,2015-12-26T23:11:20Z,2024-08-21T18:50:20Z,29756,JavaScript,177,1258,5484,4553
linux-insides,2015-01-03T18:44:57Z,2024-08-21T10:52:47Z,29732,Python,0,575,182,152
cockroach,2014-02-06T00:18:47Z,2024-08-21T18:37:51Z,29722,Go,0,57293,64695,59413
pytorch-tutorial,2017-03-10T07:41:47Z,2024-08-21T15:42:07Z,29709,Python,0,28,178,113
HowToLiveLonger,2022-04-16T04:15:18Z,2024-08-21T16:14:49Z,29669,Unknown,0,13,129,103
foundation-sites,2011-10-13T23:05:42Z,2024-08-21T14:01:11Z,29654,HTML,78,2950,8234,8160
jax,2018-10-25T21:25:02Z,2024-08-21T18:59:16Z,29590,Python,109,10249,5432,4130
awesome-docker,2014-09-21T17:01:48Z,2024-08-21T17:10:30Z,29583,Unknown,1,913,125,124
jsoncrack.com,2022-01-30T15:25:18Z,2024-08-21T18:57:52Z,29580,TypeScript,20,74,219,181
memos,2021-12-08T15:30:18Z,2024-08-21T16:26:52Z,29577,Go,67,1454,1860,1832
symfony,2010-01-04T14:21:21Z,2024-08-21T17:34:01Z,29559,PHP,507,22570,20210,19682
spaCy,2014-07-03T15:15:40Z,2024-08-21T18:02:45Z,29523,Python,125,3555,5620,5510
slate,2016-06-18T01:52:42Z,2024-08-21T15:05:37Z,29507,TypeScript,172,1836,3123,2488
ChatTTS,2024-05-27T18:26:49Z,2024-08-21T16:46:55Z,29498,Python,1,187,467,375
floating-ui,2016-03-29T17:00:47Z,2024-08-21T18:56:57Z,29493,TypeScript,445,1021,1345,1330
ControlNet,2023-02-01T02:43:30Z,2024-08-21T15:42:40Z,29490,Python,0,5,536,131
my-tv,2023-12-04T12:18:39Z,2024-08-21T18:50:28Z,29446,C,72,11,892,763
react-boilerplate,2015-02-18T14:36:32Z,2024-08-21T14:56:43Z,29441,JavaScript,16,715,1902,1822
phantomjs,2010-12-27T08:18:58Z,2024-08-21T13:08:00Z,29438,C++,0,562,4745,4731
calculator,2019-01-28T17:55:49Z,2024-08-21T13:00:24Z,29426,C++,0,853,1046,700
layui,2015-09-22T08:12:03Z,2024-08-21T13:49:24Z,29405,JavaScript,125,482,1010,988
lede,2017-09-06T07:39:03Z,2024-08-21T15:58:35Z,29398,C,6,1956,8541,7814
sequelize,2010-07-22T07:11:11Z,2024-08-21T17:20:27Z,29372,TypeScript,478,4732,10315,9477
project-guidelines,2017-06-30T10:17:55Z,2024-08-20T22:33:13Z,29360,JavaScript,0,113,38,29
webtorrent,2013-10-15T08:16:40Z,2024-08-21T17:23:12Z,29357,JavaScript,191,891,1633,1564
gpt-pilot,2023-08-16T11:56:07Z,2024-08-21T16:12:09Z,29346,Python,0,395,511,293
chatgpt-on-wechat,2022-08-07T08:33:41Z,2024-08-21T17:31:27Z,29342,Python,57,209,1741,1491
LLaMA-Factory,2023-05-28T10:09:12Z,2024-08-21T18:53:03Z,29317,Python,30,186,4611,4503
leakcanary,2015-04-29T23:54:16Z,2024-08-21T13:58:15Z,29292,Kotlin,43,918,1606,1512
stanford_alpaca,2023-03-10T23:33:09Z,2024-08-21T15:46:42Z,29286,Python,0,6,267,97
Sortable,2013-12-19T10:10:13Z,2024-08-21T15:51:12Z,29285,JavaScript,26,246,1782,1329
echo,2015-03-01T17:43:01Z,2024-08-21T17:12:50Z,29281,Go,104,569,1415,1365
interactive-coding-challenges,2015-04-28T21:36:39Z,2024-08-21T18:47:00Z,29278,Python,0,176,67,32
es6features,2014-03-03T18:29:30Z,2024-08-21T18:04:04Z,29209,Unknown,0,41,57,36
maybe,2024-01-01T22:23:46Z,2024-08-21T18:49:42Z,29203,Ruby,15,522,324,316
500lines,2013-11-04T02:02:53Z,2024-08-21T10:47:17Z,29201,JavaScript,0,175,70,39
Hover,2014-01-02T14:27:35Z,2024-08-21T16:48:18Z,29184,SCSS,10,23,107,83
COVID-19,2020-02-04T22:03:53Z,2024-08-21T17:32:12Z,29137,Unknown,0,2152,3759,2079
etcher,2015-10-27T16:53:23Z,2024-08-21T18:10:06Z,29103,TypeScript,280,1722,2213,1793
upscayl,2022-07-30T17:19:20Z,2024-08-21T18:12:58Z,29054,TypeScript,27,64,722,683
standard,2015-01-27T01:23:31Z,2024-08-21T14:39:19Z,29041,JavaScript,5,412,1228,1119
minikube,2016-04-15T22:38:35Z,2024-08-21T19:03:27Z,29041,Go,148,7981,9565,8893
apollo,2016-03-04T10:24:23Z,2024-08-21T08:44:52Z,29020,Java,40,1381,3226,3083
mattermost,2015-06-15T06:50:02Z,2024-08-21T18:48:31Z,28979,TypeScript,602,16503,8400,7710
milvus,2019-09-16T06:43:43Z,2024-08-21T19:03:29Z,28978,Go,86,18934,11472,10875
OpenBB,2020-12-20T10:46:38Z,2024-08-21T18:47:09Z,28954,Python,37,3858,2038,2013
Flowise,2023-03-31T12:23:09Z,2024-08-21T17:42:12Z,28949,TypeScript,48,791,1268,856
awesome-remote-job,2015-01-02T00:31:34Z,2024-08-21T18:11:45Z,28941,Unknown,0,557,53,42
ShareX,2013-10-08T23:32:10Z,2024-08-21T15:52:40Z,28933,C#,79,738,6431,5878
pnpm,2016-01-28T07:40:43Z,2024-08-21T18:48:53Z,28922,TypeScript,943,2212,4208,2645
mmdetection,2018-08-22T07:06:06Z,2024-08-21T13:22:04Z,28896,Python,53,2359,8262,6697
jsPDF,2009-12-06T14:56:32Z,2024-08-21T17:45:08Z,28893,JavaScript,32,700,2486,2367
AI-Expert-Roadmap,2020-10-24T21:49:40Z,2024-08-21T14:01:51Z,28884,JavaScript,0,13,63,46
hutool,2014-04-13T07:23:51Z,2024-08-21T09:15:38Z,28858,Java,144,410,2753,2750
uppy,2015-11-16T12:32:33Z,2024-08-21T18:57:37Z,28844,TypeScript,115,2833,2281,2159
particles.js,2014-09-06T14:29:47Z,2024-08-21T11:37:07Z,28810,JavaScript,6,21,404,105
remote-jobs,2015-10-13T03:49:25Z,2024-08-21T19:02:38Z,28796,JavaScript,0,1202,172,149
v2ray-core,2019-04-15T10:05:54Z,2024-08-21T15:02:41Z,28756,Go,84,784,945,889
awesome-macos-command-line,2015-09-22T19:37:55Z,2024-08-21T17:58:58Z,28736,Unknown,0,104,0,0
polars,2020-05-13T19:45:33Z,2024-08-21T18:25:56Z,28727,Rust,173,8959,8405,6584
OpenAPI-Specification,2014-03-03T16:53:36Z,2024-08-21T16:14:06Z,28723,Markdown,10,1075,2215,2027
sharp,2013-08-19T20:24:24Z,2024-08-21T17:28:02Z,28715,JavaScript,88,284,3769,3668
remix,2020-10-26T19:57:28Z,2024-08-21T15:15:10Z,28704,TypeScript,146,3226,2424,2174
swift-algorithm-club,2016-01-26T17:56:12Z,2024-08-21T14:46:59Z,28685,Swift,0,608,214,183
go-zero,2020-08-07T15:37:57Z,2024-08-21T17:56:35Z,28684,Go,111,2022,1612,1364
algo,2016-05-15T03:42:48Z,2024-08-21T12:24:43Z,28600,Jinja,2,530,1590,1426
Awesome,2016-05-30T17:27:35Z,2024-08-21T18:21:07Z,28597,Unknown,0,206,143,82
todomvc,2011-06-03T19:56:33Z,2024-08-21T04:39:23Z,28586,JavaScript,6,758,782,659
ToolJet,2021-03-30T08:51:34Z,2024-08-21T16:19:57Z,28533,JavaScript,234,4957,4243,3495
fabric.js,2010-06-09T22:24:38Z,2024-08-21T17:57:28Z,28506,JavaScript,150,2182,6012,5659
awesome-python-cn,2015-11-03T09:50:50Z,2024-08-21T16:35:47Z,28497,Makefile,0,51,31,18
influxdb,2013-09-26T14:31:10Z,2024-08-21T18:14:40Z,28479,Rust,86,9907,13379,11444
composer,2011-06-08T08:53:00Z,2024-08-21T16:49:57Z,28465,PHP,200,2812,7682,7534
vuex,2015-07-16T04:21:26Z,2024-08-21T16:14:33Z,28399,JavaScript,51,655,1264,1166
postcss,2013-09-24T23:06:48Z,2024-08-21T18:30:26Z,28396,TypeScript,253,732,968,950
Mr.-Ranedeer-AI-Tutor,2023-03-31T12:37:26Z,2024-08-21T18:19:48Z,28358,Unknown,3,19,46,33
linkedin-skill-assessments-quizzes,2019-07-13T19:52:56Z,2024-08-21T18:02:53Z,28356,Unknown,1,5593,882,794
slick,2014-03-24T02:10:05Z,2024-08-21T15:16:18Z,28351,JavaScript,48,247,3604,2399
spotube,2021-02-14T03:17:58Z,2024-08-21T17:50:20Z,28316,Dart,33,214,1146,781
YesPlayMusic,2020-10-09T10:04:21Z,2024-08-21T18:08:45Z,28293,Vue,30,278,1727,1162
android_guides,2013-06-19T10:24:45Z,2024-08-21T16:55:47Z,28290,Unknown,0,10,379,219
aseprite,2014-08-19T23:44:50Z,2024-08-21T18:50:37Z,28286,C++,103,267,3795,2222
weekly,2017-03-20T06:10:04Z,2024-08-21T17:20:36Z,28281,JavaScript,193,136,364,363
cheerio,2011-10-09T04:23:20Z,2024-08-21T19:03:31Z,28270,TypeScript,58,2319,1173,1150
canal,2013-01-13T10:59:52Z,2024-08-21T12:27:04Z,28267,Java,30,452,4514,3473
RevokeMsgPatcher,2019-07-21T15:12:52Z,2024-08-21T16:03:00Z,28212,C#,18,10,652,607
tqdm,2015-06-03T13:13:14Z,2024-08-21T16:19:09Z,28205,Python,128,284,987,581
kafka,2011-08-15T18:06:16Z,2024-08-21T18:15:01Z,28180,Java,0,8996,0,0
consul,2013-11-04T22:15:27Z,2024-08-21T18:38:28Z,28177,Go,178,13199,5431,4253
CyberChef,2016-11-28T10:34:07Z,2024-08-21T17:11:26Z,28174,JavaScript,446,449,954,590
SpringAll,2018-05-02T02:48:44Z,2024-08-21T16:34:54Z,28158,Java,0,1,47,27
async,2010-06-01T21:01:30Z,2024-08-21T14:40:11Z,28145,JavaScript,7,536,1130,1121
lighthouse,2016-03-08T01:03:11Z,2024-08-21T18:44:37Z,28144,JavaScript,112,5245,9023,8487
rocksdb,2012-11-30T06:16:18Z,2024-08-21T18:38:02Z,28116,C++,193,602,3180,2544
python-guide,2011-03-15T03:24:20Z,2024-08-21T18:43:53Z,28114,Batchfile,0,683,273,176
rufus,2011-11-19T19:12:05Z,2024-08-21T18:29:02Z,28109,C,80,1,2303,2291
backbone,2010-09-30T19:41:28Z,2024-08-21T15:14:09Z,28102,JavaScript,0,879,2407,2366
GPTs,2023-11-11T03:24:16Z,2024-08-21T13:56:36Z,28086,Unknown,0,43,27,22
django-rest-framework,2011-03-02T17:13:56Z,2024-08-21T18:06:45Z,28038,Python,18,2956,3907,3852
css-protips,2015-08-29T12:29:03Z,2024-08-21T16:35:25Z,28033,Unknown,0,67,60,59
machine-learning-for-software-engineers,2016-10-09T21:20:25Z,2024-08-21T19:00:05Z,28021,Unknown,0,60,25,9
OpenVoice,2023-11-29T12:17:01Z,2024-08-21T18:05:38Z,28007,Python,0,17,220,49
editor.js,2015-11-28T20:56:35Z,2024-08-21T18:44:07Z,28004,TypeScript,88,835,1457,895
ChatGPT,2022-12-03T14:35:24Z,2024-08-21T18:25:09Z,28000,Python,277,294,804,794
coolify,2021-01-25T20:54:01Z,2024-08-21T18:35:01Z,27991,PHP,517,891,1545,1281
chatbot-ui,2023-03-11T14:53:14Z,2024-08-21T18:40:14Z,27909,TypeScript,0,281,945,809
react-spring,2018-03-07T15:39:32Z,2024-08-21T16:02:19Z,27897,TypeScript,49,416,1230,1126
folly,2012-06-01T20:49:04Z,2024-08-21T18:44:30Z,27873,C++,202,9,1128,823
druid,2011-11-03T05:12:51Z,2024-08-21T12:37:07Z,27848,Java,51,1338,4380,2258
pytorch-lightning,2019-03-31T00:45:57Z,2024-08-21T17:35:27Z,27803,Python,160,8734,7024,6291
the-super-tiny-compiler,2016-03-11T04:19:18Z,2024-08-21T17:50:09Z,27767,JavaScript,0,20,0,0
alpine,2019-11-28T13:51:55Z,2024-08-21T17:46:16Z,27751,HTML,129,644,598,598
spring-cloud-alibaba,2017-12-01T20:49:15Z,2024-08-21T14:22:42Z,27740,Java,42,1034,2362,2060
freqtrade,2017-05-17T23:48:53Z,2024-08-21T18:50:27Z,27695,Python,87,5183,4617,4579
HEU_KMS_Activator,2019-06-23T00:49:35Z,2024-08-21T17:36:21Z,27682,Unknown,36,0,145,19
llvm-project,2016-12-07T09:39:33Z,2024-08-21T18:48:59Z,27567,LLVM,112,23423,75269,52545
servo,2012-02-08T19:07:25Z,2024-08-21T18:06:41Z,27563,Rust,0,16895,12482,9442
handson-ml2,2019-01-08T03:49:07Z,2024-08-21T17:10:53Z,27556,Jupyter Notebook,0,64,512,299
mpv,2012-10-13T08:08:44Z,2024-08-21T16:28:10Z,27550,C,85,2700,9915,9099
ultralytics,2022-09-11T16:39:45Z,2024-08-21T18:27:15Z,27538,Python,53,2052,8398,7797
Data-Science-For-Beginners,2021-03-03T16:30:15Z,2024-08-21T18:06:57Z,27534,Jupyter Notebook,0,293,115,95
nginxconfig.io,2018-01-05T14:21:14Z,2024-08-21T15:18:30Z,27532,JavaScript,0,185,235,182
legado,2019-05-22T04:18:58Z,2024-08-21T18:26:44Z,27519,Kotlin,115,977,2346,2308
Clone-Wars,2020-12-02T11:10:16Z,2024-08-21T15:19:49Z,27511,Unknown,0,130,78,69
react-select,2014-08-26T04:27:45Z,2024-08-21T13:04:39Z,27498,TypeScript,54,1040,3581,3238
Charts,2015-03-20T10:49:12Z,2024-08-21T13:41:39Z,27478,Swift,38,418,4243,3377
JavaScript30,2016-12-07T19:15:31Z,2024-08-21T15:39:36Z,27443,HTML,0,152,0,0
immer,2017-12-29T12:25:47Z,2024-08-21T16:31:32Z,27426,JavaScript,109,373,654,625
mobx,2015-03-14T14:31:38Z,2024-08-21T06:56:33Z,27424,TypeScript,103,1113,1945,1900
Real-ESRGAN,2021-07-19T03:23:30Z,2024-08-21T16:00:59Z,27419,Python,10,21,659,167
croc,2017-10-17T15:20:18Z,2024-08-21T18:44:43Z,27415,Go,164,208,469,463
CheatSheetSeries,2018-12-21T14:26:43Z,2024-08-21T12:28:34Z,27405,Python,0,908,439,401
waifu2x,2015-05-17T07:29:15Z,2024-08-21T14:01:11Z,27396,Lua,3,68,359,208
numpy,2010-09-13T23:02:39Z,2024-08-21T18:05:37Z,27379,Python,116,11792,12699,10764
Daily-Interview-Question,2019-01-19T10:49:00Z,2024-08-21T09:19:42Z,27367,JavaScript,0,15,558,297
k3s,2018-05-31T01:37:46Z,2024-08-21T18:26:43Z,27361,Go,763,3387,5900,5793
backstage,2020-01-24T22:39:49Z,2024-08-21T17:24:25Z,27344,TypeScript,358,15960,5929,5539
yapi,2016-05-30T09:09:09Z,2024-08-21T10:47:00Z,27288,JavaScript,1,141,2440,917
underscore,2009-10-25T18:31:06Z,2024-08-21T15:33:52Z,27287,JavaScript,0,745,1422,1391
docsify,2016-11-20T07:55:43Z,2024-08-21T14:14:11Z,27272,JavaScript,14,668,1257,1119
comprehensive-rust,2022-12-21T15:17:24Z,2024-08-21T18:17:58Z,27245,Rust,0,1723,280,179
xxl-job,2015-11-28T12:59:34Z,2024-08-21T16:27:11Z,27243,Java,33,98,3033,1789
vhr,2018-01-04T08:57:51Z,2024-08-21T11:20:05Z,27242,Java,0,1,253,96
netron,2010-12-26T12:53:43Z,2024-08-21T15:37:42Z,27196,JavaScript,2,1,1110,1091
weui,2014-12-18T04:09:54Z,2024-08-21T18:25:08Z,27135,Less,48,199,664,615
LLM101n,2024-05-27T00:23:38Z,2024-08-21T18:45:13Z,27130,Unknown,0,0,0,0
MonitorControl,2017-09-16T21:13:40Z,2024-08-21T18:54:07Z,27118,Swift,24,207,886,860
ResumeSample,2014-09-08T08:08:13Z,2024-08-21T12:31:40Z,27108,Unknown,0,2,0,0
applied-ml,2020-07-04T18:57:47Z,2024-08-21T18:25:04Z,27090,Unknown,0,208,24,22
JCSprout,2017-12-17T09:06:50Z,2024-08-21T06:39:53Z,27070,Java,0,69,89,59
Complete-Python-3-Bootcamp,2018-02-12T19:30:10Z,2024-08-21T16:51:55Z,27029,Jupyter Notebook,0,12,353,223
data-science-ipython-notebooks,2015-01-23T19:38:29Z,2024-08-21T17:04:17Z,27018,Python,0,31,41,22
legacy-homebrew,2009-05-20T19:38:37Z,2024-08-20T17:16:29Z,26997,Unknown,0,222,17029,17029
plane,2022-11-19T12:55:01Z,2024-08-21T18:07:01Z,26964,TypeScript,35,4103,905,561
react-three-fiber,2019-02-25T14:31:51Z,2024-08-21T17:14:21Z,26949,TypeScript,104,595,1010,954
reverse-interview,2019-09-08T13:38:40Z,2024-08-21T18:39:33Z,26897,Unknown,0,72,25,18
refine,2021-01-20T12:01:32Z,2024-08-21T18:25:37Z,26876,TypeScript,1000,4103,1441,1419
directus,2012-12-12T01:35:36Z,2024-08-21T18:30:31Z,26871,TypeScript,311,7326,8383,7918
os-tutorial,2014-09-29T08:39:34Z,2024-08-21T17:13:22Z,26854,C,0,11,174,103
gitbook,2014-03-31T03:01:56Z,2024-08-21T10:34:02Z,26844,TypeScript,11,358,1845,1820
mongoose,2010-04-06T21:39:05Z,2024-08-21T17:31:08Z,26834,JavaScript,143,3032,10775,10544
outline,2016-05-22T21:31:47Z,2024-08-21T16:21:17Z,26810,TypeScript,133,2304,2781,2689
Faker,2011-10-14T22:49:02Z,2024-08-21T09:04:28Z,26786,PHP,12,823,570,494
python-fire,2017-02-21T21:35:07Z,2024-08-21T14:57:51Z,26773,Python,10,89,317,193
xstate,2015-09-14T15:04:15Z,2024-08-21T13:28:07Z,26773,TypeScript,359,1866,1335,1254
codemirror5,2011-01-14T13:44:03Z,2024-08-21T14:50:32Z,26744,JavaScript,172,592,4180,3775
hangzhou_house_knowledge,2018-02-24T01:54:18Z,2024-08-21T18:38:36Z,26718,CSS,0,6,148,48
Deep-Live-Cam,2023-09-24T13:19:31Z,2024-08-21T19:00:00Z,26716,Python,1,21,300,136
angular-cli,2015-06-04T19:49:37Z,2024-08-21T18:47:39Z,26708,TypeScript,734,10188,15360,15085
helm,2015-10-06T01:07:32Z,2024-08-21T17:25:43Z,26671,Go,195,3635,7774,7454
rethinkdb,2012-10-30T05:37:47Z,2024-08-21T07:38:00Z,26671,C++,72,460,6387,5045
viper,2014-04-02T14:33:33Z,2024-08-21T15:48:55Z,26655,Go,32,453,869,471
trilium,2017-05-23T00:30:20Z,2024-08-21T11:08:44Z,26639,JavaScript,297,250,3476,2608
Probabilistic-Programming-and-Bayesian-Methods-for-Hackers,2013-01-14T15:46:28Z,2024-08-21T18:00:39Z,26631,Jupyter Notebook,0,243,245,90
ace,2010-10-27T10:43:36Z,2024-08-21T18:34:04Z,26617,JavaScript,85,1799,3086,2989
qBittorrent,2012-02-04T09:37:46Z,2024-08-21T16:24:26Z,26607,C++,0,3459,15780,12942
gitflow,2010-01-20T23:14:12Z,2024-08-21T16:37:46Z,26604,Shell,0,36,363,126
lux,2018-02-24T11:29:03Z,2024-08-21T17:29:02Z,26595,Go,86,295,1031,532
mediapipe,2019-06-13T19:16:41Z,2024-08-21T18:09:15Z,26573,C++,55,184,5058,4752
dokku,2013-06-08T10:26:57Z,2024-08-21T18:11:55Z,26536,Shell,277,3604,2691,2649
DevToys,2021-09-29T01:40:41Z,2024-08-21T19:02:13Z,26526,C#,35,480,789,616
Python-programming-exercises,2012-06-14T07:56:46Z,2024-08-21T18:59:52Z,26520,Unknown,0,0,80,17
commander.js,2011-08-14T21:33:58Z,2024-08-21T18:55:59Z,26511,JavaScript,79,742,1071,1059
surrealdb,2021-12-09T15:03:29Z,2024-08-21T18:47:58Z,26493,Rust,49,1277,1575,945
server,2016-06-02T07:44:14Z,2024-08-21T17:56:14Z,26456,PHP,256,23533,18627,16282
kit,2015-02-03T00:01:19Z,2024-08-21T15:40:26Z,26446,Go,13,479,564,525
aos,2015-07-09T17:49:00Z,2024-08-21T17:16:43Z,26375,JavaScript,0,38,689,360
hosts,2012-04-12T20:22:50Z,2024-08-21T18:38:06Z,26360,Python,667,470,1929,1844
ruoyi-vue-pro,2021-01-24T03:18:25Z,2024-08-21T17:33:20Z,26340,Java,28,49,433,425
ink,2017-06-12T06:12:28Z,2024-08-21T18:16:03Z,26316,TypeScript,52,206,345,287
90DaysOfDevOps,2021-12-26T13:55:18Z,2024-08-21T18:06:59Z,26314,Shell,2,356,85,79
roop,2023-05-28T14:37:54Z,2024-08-21T18:50:23Z,26291,Python,6,82,0,0
tiptap,2018-08-20T19:58:58Z,2024-08-21T18:29:51Z,26285,TypeScript,828,857,2732,2254
plyr,2015-02-14T11:33:07Z,2024-08-21T17:00:06Z,26242,JavaScript,88,384,2079,1214
bulletproof-react,2021-05-30T14:47:16Z,2024-08-21T17:41:32Z,26236,TypeScript,0,58,95,69
Detectron,2017-10-05T17:32:00Z,2024-08-21T15:06:51Z,26235,Python,0,0,925,619
swagger-ui,2011-07-15T22:56:39Z,2024-08-21T18:13:49Z,26223,JavaScript,346,3152,5470,4366
react-virtualized,2015-11-03T00:48:07Z,2024-08-21T13:09:34Z,26216,JavaScript,5,453,1197,795
tokio,2016-09-09T22:31:36Z,2024-08-21T16:19:56Z,26211,Rust,121,3298,2276,2003
nodemon,2010-10-03T12:50:52Z,2024-08-21T14:57:42Z,26206,JavaScript,97,306,1653,1648
dnSpy,2015-07-01T16:05:10Z,2024-08-21T17:23:51Z,26203,C#,1,53,0,0
k9s,2019-01-25T18:46:02Z,2024-08-21T18:35:05Z,26201,Go,225,632,1803,1321
coder2gwy,2020-12-30T14:40:50Z,2024-08-21T15:56:20Z,26177,Unknown,0,2,149,28
tuning_playbook,2023-01-18T23:32:32Z,2024-08-21T15:07:54Z,26170,Unknown,0,14,40,34
bubbletea,2020-01-10T21:04:03Z,2024-08-21T17:47:56Z,26166,Go,39,457,284,227
miaosha,2018-09-14T04:36:24Z,2024-08-21T13:23:46Z,26153,Java,0,20,79,78
stb,2014-05-25T16:51:23Z,2024-08-21T17:00:07Z,26131,C,0,283,815,675
vagrant,2010-01-21T08:34:27Z,2024-08-21T15:28:50Z,26123,Ruby,122,2694,9497,8834
glances,2011-12-04T08:49:15Z,2024-08-21T18:47:11Z,26105,Python,43,683,1882,1700
mindsdb,2018-08-02T17:56:45Z,2024-08-21T17:23:13Z,26046,Python,240,4296,3878,3766
UTM,2019-04-12T16:09:24Z,2024-08-21T18:05:02Z,26042,Swift,112,230,2947,2162
nprogress,2013-08-20T13:58:02Z,2024-08-21T15:19:42Z,26033,JavaScript,7,34,155,52
fastai,2017-09-09T17:43:36Z,2024-08-21T17:26:38Z,26025,Jupyter Notebook,53,1680,1793,1592
the_silver_searcher,2011-11-19T19:50:47Z,2024-08-21T14:49:14Z,26011,C,0,399,840,412
xgboost,2014-02-06T17:28:03Z,2024-08-21T18:16:59Z,26009,C++,59,4370,5255,4873
Web,2017-01-03T11:44:33Z,2024-08-21T13:22:39Z,25996,Unknown,0,0,204,151
Tvlist-awesome-m3u-m3u8,2017-02-18T03:59:25Z,2024-08-21T13:49:25Z,25986,Unknown,0,1,66,47
mongo,2009-01-15T16:15:18Z,2024-08-21T18:36:44Z,25970,C++,0,125,0,0
tinygrad,2020-10-18T16:23:12Z,2024-08-21T18:57:30Z,25868,Python,8,3924,700,600
select2,2012-03-04T18:43:12Z,2024-08-21T13:46:51Z,25860,JavaScript,29,708,4807,4705
mantine,2021-01-07T14:02:19Z,2024-08-21T17:57:30Z,25852,TypeScript,232,1245,2593,2575
turborepo,2021-10-05T17:37:11Z,2024-08-21T18:31:18Z,25830,Rust,388,5161,1706,1567
redash,2013-10-28T13:19:39Z,2024-08-21T15:15:42Z,25823,Python,98,3170,2485,1922
fetch,2014-10-13T00:26:19Z,2024-08-21T10:00:19Z,25804,JavaScript,56,197,651,646
fastText,2016-07-16T13:38:42Z,2024-08-21T08:52:43Z,25800,HTML,4,12,1078,611
cmder,2013-07-09T07:44:22Z,2024-08-21T14:21:55Z,25778,C++,34,427,2268,2220
paper-reading,2021-10-22T06:34:51Z,2024-08-21T15:47:14Z,25757,Unknown,0,13,0,0
hacker-laws,2018-01-25T03:46:34Z,2024-08-21T15:33:53Z,25716,Shell,1,174,204,70
fastjson,2011-11-03T06:58:52Z,2024-08-21T16:22:15Z,25699,Java,84,418,3619,1691
Depix,2020-12-06T12:39:08Z,2024-08-21T18:41:52Z,25696,Python,0,14,0,0
request,2011-01-23T01:25:14Z,2024-08-21T11:22:28Z,25683,JavaScript,0,650,2274,2173
python-telegram-bot,2015-07-07T15:30:39Z,2024-08-21T18:06:48Z,25681,Python,115,1426,2150,2135
quasar,2015-10-05T15:45:36Z,2024-08-21T18:04:36Z,25656,JavaScript,921,3591,7753,7262
llama3,2024-03-15T17:57:00Z,2024-08-21T18:29:49Z,25642,Python,0,24,229,96
darknet,2014-04-11T07:59:16Z,2024-08-21T15:37:41Z,25636,C,0,10,2367,559
awesome-electron,2015-04-23T11:48:53Z,2024-08-21T16:30:43Z,25628,Unknown,0,268,43,42
Modernizr,2009-09-25T20:13:23Z,2024-08-20T19:20:22Z,25626,JavaScript,27,806,1490,1321
fonts,2012-12-19T13:31:50Z,2024-08-21T16:24:04Z,25593,Shell,1,75,252,96
lottie-ios,2016-10-06T22:38:38Z,2024-08-21T18:37:14Z,25592,Swift,68,707,1409,1389
lossless-cut,2016-10-30T10:49:56Z,2024-08-21T17:34:03Z,25584,TypeScript,97,177,1414,1241
butterknife,2013-03-05T08:18:59Z,2024-08-21T18:31:21Z,25561,Java,0,346,1193,1090
DeepFaceLive,2020-12-15T12:19:22Z,2024-08-21T17:24:52Z,25560,Python,35,13,144,143
emscripten,2011-02-12T05:23:30Z,2024-08-21T06:09:31Z,25540,C++,0,10775,9192,7427
awesome-cto,2016-12-16T19:22:18Z,2024-08-21T17:38:05Z,25526,Unknown,0,12,10,8
spleeter,2019-09-26T15:40:46Z,2024-08-21T19:00:44Z,25518,Python,2,49,770,562
full-stack-fastapi-template,2019-02-23T15:08:34Z,2024-08-21T18:41:24Z,25518,TypeScript,8,307,411,248
headlessui,2020-09-16T09:53:09Z,2024-08-21T13:52:24Z,25485,TypeScript,109,569,1248,1205
restic,2014-04-27T14:07:58Z,2024-08-21T15:42:19Z,25475,Go,44,2004,2615,2260
tdesktop,2014-05-02T12:36:31Z,2024-08-21T18:57:25Z,25474,C++,727,1555,14118,13312
fish-shell,2012-05-10T03:00:55Z,2024-08-21T17:48:11Z,25446,Rust,44,1865,7134,6712
Rectangle,2019-06-21T21:34:53Z,2024-08-21T18:12:10Z,25439,Swift,85,237,621,540
YouCompleteMe,2012-04-16T03:12:14Z,2024-08-21T06:17:20Z,25395,Python,0,785,3239,3220
ItChat,2016-01-19T07:49:48Z,2024-08-21T09:03:25Z,25386,Python,13,29,895,622
cascadia-code,2019-07-10T22:50:20Z,2024-08-21T18:28:20Z,25369,Python,18,82,612,489
filebrowser,2015-09-11T21:21:58Z,2024-08-21T17:58:26Z,25349,Go,58,497,2296,2233
awesome-deep-learning-papers,2016-06-03T06:48:30Z,2024-08-21T09:03:28Z,25326,TeX,0,39,26,11
modern-js-cheatsheet,2017-09-18T14:56:00Z,2024-08-21T14:23:13Z,25292,Unknown,0,84,51,42
Signal-Android,2011-12-15T20:01:12Z,2024-08-21T16:15:49Z,25281,Java,20,238,10771,10394
toBeTopJavaer,2018-10-25T09:54:54Z,2024-08-21T06:50:50Z,25268,Java,0,52,128,71
MiniGPT-4,2023-04-15T22:17:09Z,2024-08-21T17:25:08Z,25257,Python,0,19,456,121
taichi,2016-11-24T10:00:05Z,2024-08-21T19:00:42Z,25257,C++,115,5149,2648,1865
Free-Certifications,2020-07-31T10:26:19Z,2024-08-21T18:43:06Z,25254,Unknown,0,106,87,40
openssl,2013-01-15T22:34:48Z,2024-08-21T18:54:08Z,25240,C,31,135,9825,8036
Pake,2022-10-14T09:32:57Z,2024-08-21T16:08:00Z,25222,Rust,28,90,286,263
discord.js,2015-08-10T13:36:26Z,2024-08-21T12:57:18Z,25188,TypeScript,233,4465,3981,3903
vllm,2023-02-09T11:23:20Z,2024-08-21T18:49:23Z,25178,Python,33,2328,4056,2659
ngx-admin,2016-05-25T10:09:03Z,2024-08-21T14:25:37Z,25174,TypeScript,19,343,1751,1332
fe-interview,2019-04-17T03:05:58Z,2024-08-21T18:47:18Z,25169,JavaScript,2,8,5847,26
incubator-seata,2018-12-28T08:37:22Z,2024-08-21T11:20:37Z,25168,Java,40,2183,3801,3042
rollup,2015-05-14T22:26:28Z,2024-08-21T16:34:15Z,25156,JavaScript,477,1959,3291,2757
handson-ml,2016-02-16T19:48:39Z,2024-08-21T17:13:19Z,25150,Jupyter Notebook,0,56,562,436
so-vits-svc,2023-03-10T09:31:09Z,2024-08-21T18:21:44Z,25147,Python,0,153,130,109
srs,2015-04-29T06:59:32Z,2024-08-21T15:23:52Z,25121,C++,65,446,1395,1236
Hello-Python,2022-08-03T17:14:53Z,2024-08-21T18:53:27Z,25108,Python,0,0,36,25
iris,2016-01-30T04:36:48Z,2024-08-21T17:36:27Z,25097,Go,22,391,990,879
langflow,2023-02-08T22:28:03Z,2024-08-21T19:05:15Z,25090,JavaScript,238,1732,1199,1086
dragonfly,2021-12-11T10:00:42Z,2024-08-21T17:48:28Z,25060,C++,67,2106,1086,949
SDWebImage,2009-09-21T17:39:19Z,2024-08-21T09:17:04Z,25025,Objective-C,149,931,2320,2236
30-Days-Of-React,2020-09-29T13:38:54Z,2024-08-21T18:27:43Z,25002,JavaScript,0,10,70,17
Avalonia,2013-12-05T20:13:21Z,2024-08-21T15:17:57Z,24983,C#,87,4848,6948,5588
DeepSpeech,2016-06-02T15:04:53Z,2024-08-21T15:31:22Z,24959,C++,105,1338,2109,1987
LLMs-from-scratch,2023-07-23T18:15:57Z,2024-08-21T18:24:18Z,24947,Jupyter Notebook,0,187,76,76
proxyee-down,2017-10-25T10:07:27Z,2024-08-20T17:49:42Z,24943,Java,49,16,0,0
firecracker,2017-10-19T06:18:47Z,2024-08-21T18:12:59Z,24936,Rust,71,2685,1400,1325
jumpserver,2014-07-04T03:54:59Z,2024-08-21T15:33:27Z,24912,Python,228,6553,6545,6525
apollo,2017-07-04T19:03:31Z,2024-08-21T18:21:40Z,24904,C++,12,9725,4419,3613
faas,2016-12-22T12:51:39Z,2024-08-21T15:58:08Z,24901,Go,11,679,847,816
react-native-elements,2016-09-08T14:21:41Z,2024-08-21T17:11:32Z,24894,MDX,85,1209,2108,2003
ChatDev,2023-08-28T02:18:13Z,2024-08-21T17:10:44Z,24881,Shell,7,100,251,229
SmartRefreshLayout,2017-06-02T09:52:50Z,2024-08-21T13:40:52Z,24847,Java,12,12,1543,1211
go-patterns,2015-12-14T22:05:06Z,2024-08-21T18:31:36Z,24842,Go,0,10,30,13
nsq,2012-05-12T14:37:08Z,2024-08-21T06:41:49Z,24809,Go,31,673,653,597
nylas-mail,2014-10-16T18:29:12Z,2024-08-20T06:21:28Z,24801,JavaScript,53,139,3422,2444
go,2013-08-14T08:33:55Z,2024-08-21T06:14:51Z,24786,Unknown,0,48,56,47
textual,2021-04-08T15:24:47Z,2024-08-21T17:46:04Z,24782,Python,135,1793,1837,1736
eslint,2013-06-29T23:59:48Z,2024-08-21T16:19:46Z,24782,JavaScript,327,6114,10223,10143
setup-ipsec-vpn,2016-01-07T16:44:12Z,2024-08-21T14:59:38Z,24780,Shell,0,44,1442,1442
pipenv,2017-01-20T00:44:02Z,2024-08-21T14:48:13Z,24780,Python,102,1528,4219,3957
diffusers,2022-05-30T16:04:02Z,2024-08-21T18:45:09Z,24753,Python,74,3669,3940,3481
feather,2014-05-28T19:49:55Z,2024-08-21T09:45:37Z,24750,JavaScript,53,113,634,247
awesome-vscode,2016-02-07T23:02:45Z,2024-08-21T17:00:49Z,24734,JavaScript,0,243,49,26
table,2016-10-20T17:25:08Z,2024-08-21T15:42:12Z,24722,TypeScript,262,915,2412,2257
localForage,2013-10-31T00:10:06Z,2024-08-21T10:04:57Z,24666,JavaScript,26,269,716,505
awesome-swift,2014-07-10T14:04:09Z,2024-08-21T11:15:02Z,24664,Ruby,0,1436,132,131
EventBus,2012-07-16T16:55:40Z,2024-08-21T15:30:47Z,24660,Java,7,31,581,483
openzeppelin-contracts,2016-08-01T20:54:54Z,2024-08-21T18:42:59Z,24654,JavaScript,88,2152,1896,1699
react-admin,2016-07-13T07:58:54Z,2024-08-21T16:04:33Z,24643,TypeScript,357,4752,4505,4435
micro,2016-03-11T02:06:28Z,2024-08-21T18:31:38Z,24639,Go,36,739,2255,1460
awesome-actions,2018-10-17T17:53:45Z,2024-08-21T18:49:12Z,24634,Unknown,0,439,41,26
vscodium,2018-08-13T14:26:58Z,2024-08-21T18:40:49Z,24630,Shell,191,434,1253,1149
rust-course,2018-08-07T05:01:21Z,2024-08-21T18:34:06Z,24626,Rust,0,710,190,139
TrackersListCollection,2019-10-03T15:55:07Z,2024-08-21T18:23:21Z,24621,Unknown,0,5,0,0
create-t3-app,2022-05-24T13:31:01Z,2024-08-21T15:53:25Z,24603,TypeScript,133,1065,658,623
devtools,2014-09-29T03:52:07Z,2024-08-21T16:23:36Z,24600,TypeScript,89,284,1598,1135
docker_practice,2014-09-05T04:06:39Z,2024-08-21T06:47:01Z,24596,Go,15,261,211,207
idiomatic.js,2011-05-25T17:48:59Z,2024-08-21T15:44:34Z,24567,Unknown,0,114,83,48
iTerm2-Color-Schemes,2011-04-01T04:01:46Z,2024-08-21T17:52:52Z,24555,Shell,0,303,108,85
eShopOnContainers,2016-10-05T22:35:23Z,2024-08-21T16:48:22Z,24551,C#,11,538,1254,1208
awesome-datascience,2014-07-05T07:07:43Z,2024-08-21T18:13:01Z,24520,Unknown,9,348,54,53
envoy,2016-08-08T15:07:24Z,2024-08-21T17:50:08Z,24510,C++,171,19754,11487,9934
Mask_RCNN,2017-10-19T20:28:34Z,2024-08-21T17:47:02Z,24491,Python,3,65,2752,851
autocomplete,2020-09-29T02:21:06Z,2024-08-21T12:35:41Z,24487,TypeScript,1000,1515,515,379
logrus,2013-10-16T19:08:55Z,2024-08-21T17:27:09Z,24449,Go,19,404,690,687
CasaOS,2021-09-26T02:33:09Z,2024-08-21T19:01:32Z,24444,Go,92,255,1294,813
locust,2011-02-17T11:08:03Z,2024-08-21T17:28:59Z,24433,Python,121,874,1655,1637
flameshot,2017-05-10T19:44:51Z,2024-08-21T18:16:44Z,24384,C++,25,821,2459,1830
fyne,2018-02-04T22:07:16Z,2024-08-21T18:06:45Z,24337,Go,45,1712,2769,2126
vnpy,2015-03-02T03:36:58Z,2024-08-21T18:39:27Z,24299,Python,60,1035,2053,2046
RxSwift,2015-04-07T21:25:17Z,2024-08-21T16:00:27Z,24298,Swift,74,790,1252,1236
k6,2016-03-21T15:30:24Z,2024-08-21T18:05:46Z,24296,Go,62,1722,1794,1434
Telegram,2013-10-25T14:08:10Z,2024-08-21T16:09:39Z,24291,Java,93,20,0,0
CLIP,2020-12-16T11:24:42Z,2024-08-21T17:42:42Z,24289,Jupyter Notebook,0,28,391,187
celery,2009-04-24T11:31:24Z,2024-08-21T16:19:06Z,24282,Python,50,2382,5062,4416
core-js,2013-07-17T16:32:27Z,2024-08-21T13:11:42Z,24276,JavaScript,243,258,941,910
components,2016-01-04T18:50:02Z,2024-08-21T16:27:19Z,24275,TypeScript,494,12006,15132,13198
Wox,2013-12-19T15:49:32Z,2024-08-21T15:34:10Z,24265,Go,39,308,3549,3386
pkg,2016-08-08T19:41:59Z,2024-08-21T14:57:56Z,24263,JavaScript,41,176,1428,1428
coc.nvim,2018-05-01T22:39:02Z,2024-08-21T15:38:29Z,24259,TypeScript,82,818,3376,3341
BaseRecyclerViewAdapterHelper,2016-04-10T07:40:11Z,2024-08-21T15:28:21Z,24259,Kotlin,209,191,3578,3186
wttr.in,2015-12-26T21:03:43Z,2024-08-21T18:59:38Z,24258,Python,0,271,658,361
stats,2019-05-29T19:24:56Z,2024-08-21T17:45:11Z,24240,Swift,258,367,1650,1636
medusa,2020-01-18T13:39:04Z,2024-08-21T18:16:00Z,24234,TypeScript,80,4962,1964,1687
awesome-sysadmin,2014-12-23T08:41:22Z,2024-08-21T18:06:53Z,24229,Unknown,0,317,97,86
vapor,2016-01-18T22:37:52Z,2024-08-21T15:30:55Z,24218,Swift,559,1216,1653,1566
data-engineering-zoomcamp,2021-10-21T09:32:50Z,2024-08-21T18:13:27Z,24216,Jupyter Notebook,0,291,124,123
wiki,2016-08-16T19:35:26Z,2024-08-21T18:43:24Z,24208,Vue,118,370,2478,2419
elixir,2011-01-09T08:43:57Z,2024-08-21T17:17:04Z,24186,Elixir,152,6973,5409,5388
nanoid,2017-08-05T05:24:35Z,2024-08-21T08:25:23Z,24165,JavaScript,3,187,238,231
AdGuardHome,2016-07-06T10:31:47Z,2024-08-21T18:15:31Z,24156,Go,184,118,5336,4448
mdb-ui-kit,2014-08-18T11:54:00Z,2024-08-21T14:49:14Z,24144,SCSS,38,193,1193,1173
